County,State,AvgP_Below_1.00x_FPL,AvgP_Below_1.50x_FPL,AvgP_Below_2.00x_FPL
ALEUTIANS EAST,AK,12.45,18.77,27.32
ALEUTIANS WEST,AK,5.59,9.36,17.18
ANCHORAGE,AK,6.15,10.73,15.29
BETHEL,AK,24.90,39.28,50.06
BRISTOL BAY,AK,2.39,8.61,16.75
DENALI,AK,2.85,4.43,10.44
DILLINGHAM,AK,16.13,29.01,42.97
FAIRBANKS NORTH STAR,AK,4.99,10.06,16.87
HAINES,AK,8.01,13.56,26.31
HOONAH-ANGOON,AK,7.54,16.05,23.79
JUNEAU,AK,4.38,6.35,9.17
KENAI PENINSULA,AK,7.76,13.84,20.44
KETCHIKAN GATEWAY,AK,7.39,11.60,19.52
KODIAK ISLAND,AK,9.47,12.23,23.50
KUSILVAK,AK,39.01,60.64,72.79
LAKE AND PENINSULA,AK,13.68,28.77,39.65
MATANUSKA-SUSITNA,AK,7.26,12.15,18.61
NOME,AK,20.32,32.05,44.05
NORTH SLOPE,AK,9.58,18.34,28.06
NORTHWEST ARCTIC,AK,21.81,33.93,45.27
PETERSBURG,AK,6.95,11.14,15.20
PRINCE OF WALES-HYDER,AK,10.89,19.47,28.05
SITKA,AK,3.38,8.03,15.27
SKAGWAY MUNICIPALITY,AK,3.98,5.47,9.95
SOUTHEAST FAIRBANKS,AK,7.59,11.92,21.00
VALDEZ-CORDOVA,AK,8.09,10.50,15.91
WRANGELL CITY,AK,4.00,11.38,22.15
YAKUTAT,AK,2.21,10.29,24.26
YUKON-KOYUKUK,AK,19.98,30.76,43.01
AUTAUGA,AL,11.98,18.45,25.52
BALDWIN,AL,7.27,13.26,21.12
BARBOUR,AL,21.54,31.99,43.33
BIBB,AL,10.47,20.68,30.18
BLOUNT,AL,10.22,18.95,29.29
BULLOCK,AL,30.96,37.24,43.33
BUTLER,AL,18.85,30.30,39.83
CALHOUN,AL,14.58,24.25,34.21
CHAMBERS,AL,11.29,25.19,37.31
CHEROKEE,AL,12.48,22.45,35.94
CHILTON,AL,15.28,25.68,34.85
CHOCTAW,AL,17.78,29.34,41.68
CLARKE,AL,18.38,27.03,36.81
CLAY,AL,14.77,24.38,38.79
CLEBURNE,AL,11.97,21.04,34.43
COFFEE,AL,11.58,18.91,27.87
COLBERT,AL,12.64,20.97,30.55
CONECUH,AL,17.35,31.04,49.26
COOSA,AL,8.75,22.56,33.11
COVINGTON,AL,13.85,22.21,32.75
CRENSHAW,AL,10.31,22.84,35.63
CULLMAN,AL,11.70,21.56,34.31
DALE,AL,13.53,21.94,33.63
DALLAS,AL,24.75,37.01,49.34
DEKALB,AL,16.97,30.81,42.77
ELMORE,AL,9.82,15.35,22.88
ESCAMBIA,AL,17.87,27.71,41.54
ETOWAH,AL,13.38,22.78,32.43
FAYETTE,AL,15.05,26.23,41.08
FRANKLIN,AL,14.81,26.67,41.08
GENEVA,AL,17.84,27.73,36.93
GREENE,AL,33.37,45.15,58.28
HALE,AL,20.08,32.53,43.48
HENRY,AL,10.70,21.58,31.20
HOUSTON,AL,13.98,23.07,32.10
JACKSON,AL,16.52,28.22,38.18
JEFFERSON,AL,13.20,21.00,29.02
LAMAR,AL,15.15,25.79,39.24
LAUDERDALE,AL,10.49,19.17,28.90
LAWRENCE,AL,13.44,22.34,31.08
LEE,AL,12.83,21.18,29.11
LIMESTONE,AL,10.22,17.14,25.08
LOWNDES,AL,23.35,37.17,46.63
MACON,AL,19.78,32.91,43.02
MADISON,AL,9.62,15.91,22.33
MARENGO,AL,13.14,26.18,36.04
MARION,AL,13.10,24.48,39.08
MARSHALL,AL,16.21,25.91,35.82
MOBILE,AL,14.95,24.07,32.98
MONROE,AL,23.07,30.74,42.81
MONTGOMERY,AL,16.30,25.41,33.73
MORGAN,AL,12.50,20.44,29.74
PERRY,AL,31.74,46.54,57.68
PICKENS,AL,17.49,26.81,36.86
PIKE,AL,14.86,23.61,35.50
RANDOLPH,AL,14.31,21.64,35.01
RUSSELL,AL,15.42,25.30,35.58
ST. CLAIR,AL,10.03,18.24,27.45
SHELBY,AL,5.15,10.24,15.81
SUMTER,AL,21.31,34.40,51.16
TALLADEGA,AL,15.80,26.15,38.07
TALLAPOOSA,AL,16.02,24.05,35.41
TUSCALOOSA,AL,11.20,19.17,27.95
WALKER,AL,14.34,24.62,34.93
WASHINGTON,AL,16.33,25.69,37.25
WILCOX,AL,20.88,33.75,45.06
WINSTON,AL,12.37,27.25,38.80
ARKANSAS,AR,14.55,25.53,37.30
ASHLEY,AR,16.57,27.56,37.30
BAXTER,AR,9.95,18.51,30.36
BENTON,AR,7.69,15.80,23.79
BOONE,AR,11.15,23.35,35.81
BRADLEY,AR,17.26,25.99,39.05
CALHOUN,AR,11.80,22.21,31.82
CARROLL,AR,9.23,18.95,30.72
CHICOT,AR,24.96,38.01,49.15
CLARK,AR,13.27,20.71,33.14
CLAY,AR,16.93,28.35,42.62
CLEBURNE,AR,9.73,18.90,30.17
CLEVELAND,AR,14.82,26.77,33.78
COLUMBIA,AR,21.81,30.16,42.25
CONWAY,AR,12.98,23.07,33.69
CRAIGHEAD,AR,13.14,23.86,34.55
CRAWFORD,AR,11.82,23.11,34.27
CRITTENDEN,AR,17.57,29.40,41.29
CROSS,AR,12.82,25.99,35.03
DALLAS,AR,10.09,25.88,42.24
DESHA,AR,22.94,37.26,48.55
DREW,AR,16.54,27.45,34.94
FAULKNER,AR,10.63,20.20,27.80
FRANKLIN,AR,14.58,26.73,35.92
FULTON,AR,18.30,35.00,45.99
GARLAND,AR,12.58,22.38,31.57
GRANT,AR,11.52,17.79,30.23
GREENE,AR,11.82,21.67,31.59
HEMPSTEAD,AR,19.14,28.45,39.96
HOT SPRING,AR,13.38,24.36,35.18
HOWARD,AR,15.12,28.85,40.58
INDEPENDENCE,AR,12.05,23.16,34.10
IZARD,AR,12.15,22.69,34.67
JACKSON,AR,17.73,31.78,46.63
JEFFERSON,AR,17.87,29.02,38.05
JOHNSON,AR,16.02,30.02,44.49
LAFAYETTE,AR,18.50,31.77,44.88
LAWRENCE,AR,12.23,26.31,38.11
LEE,AR,19.04,32.07,42.92
LINCOLN,AR,12.26,24.91,35.60
LITTLE RIVER,AR,9.88,20.91,32.28
LOGAN,AR,16.80,27.13,39.64
LONOKE,AR,8.29,15.26,25.19
MADISON,AR,14.04,29.75,37.35
MARION,AR,14.16,24.78,37.59
MILLER,AR,18.05,28.16,36.94
MISSISSIPPI,AR,20.31,33.61,44.28
MONROE,AR,18.13,29.87,39.24
MONTGOMERY,AR,15.75,27.04,41.01
NEVADA,AR,25.25,30.54,45.31
NEWTON,AR,8.07,19.75,32.99
OUACHITA,AR,19.39,31.35,41.00
PERRY,AR,12.60,23.21,31.91
PHILLIPS,AR,25.52,39.46,47.98
PIKE,AR,12.83,26.99,39.99
POINSETT,AR,16.80,28.48,41.36
POLK,AR,19.04,30.31,43.22
POPE,AR,13.29,24.43,35.42
PRAIRIE,AR,12.01,24.07,38.37
PULASKI,AR,12.35,21.67,30.67
RANDOLPH,AR,12.24,30.14,42.34
ST. FRANCIS,AR,20.38,31.33,45.16
SALINE,AR,5.76,10.81,19.34
SCOTT,AR,14.69,32.14,45.21
SEARCY,AR,14.51,28.51,43.85
SEBASTIAN,AR,14.87,25.17,35.44
SEVIER,AR,16.45,26.57,38.20
SHARP,AR,15.65,30.98,44.78
STONE,AR,12.84,22.03,35.78
UNION,AR,16.12,24.68,35.19
VAN BUREN,AR,14.16,24.94,38.72
WASHINGTON,AR,11.09,20.33,30.57
WHITE,AR,12.80,22.26,33.39
WOODRUFF,AR,17.80,27.99,39.06
YELL,AR,13.57,28.89,41.01
APACHE,AZ,28.19,40.98,51.84
COCHISE,AZ,13.23,23.04,32.77
COCONINO,AZ,10.91,19.36,27.28
GILA,AZ,15.35,25.32,35.57
GRAHAM,AZ,16.27,23.88,33.92
GREENLEE,AZ,9.00,17.15,27.24
LA PAZ,AZ,16.35,26.06,40.35
MARICOPA,AZ,10.62,17.94,25.91
MOHAVE,AZ,11.60,21.36,33.30
NAVAJO,AZ,22.36,34.56,44.34
PIMA,AZ,12.39,20.85,30.03
PINAL,AZ,9.86,17.82,28.07
SANTA CRUZ,AZ,19.90,35.63,47.85
YAVAPAI,AZ,8.79,17.34,26.06
YUMA,AZ,17.45,30.65,43.51
ALAMEDA,CA,6.78,11.95,17.45
ALPINE,CA,6.21,13.56,18.64
AMADOR,CA,5.11,13.11,18.58
BUTTE,CA,11.53,20.56,29.67
CALAVERAS,CA,7.78,12.43,22.12
COLUSA,CA,10.57,21.99,32.66
CONTRA COSTA,CA,6.49,11.60,16.85
DEL NORTE,CA,15.93,25.24,38.02
EL DORADO,CA,5.43,9.84,14.78
FRESNO,CA,19.67,31.16,40.49
GLENN,CA,14.53,24.80,38.63
HUMBOLDT,CA,10.19,20.34,29.87
IMPERIAL,CA,20.97,33.43,43.99
INYO,CA,8.98,13.49,21.93
KERN,CA,18.02,30.04,40.93
KINGS,CA,16.57,27.94,39.35
LAKE,CA,16.38,25.55,35.81
LASSEN,CA,10.14,18.09,23.90
LOS ANGELES,CA,12.22,22.19,31.29
MADERA,CA,16.91,26.93,37.21
MARIN,CA,4.11,7.56,10.90
MARIPOSA,CA,9.36,17.41,25.96
MENDOCINO,CA,13.49,22.61,32.92
MERCED,CA,19.02,31.65,42.96
MODOC,CA,9.02,22.14,33.32
MONO,CA,4.04,8.95,15.73
MONTEREY,CA,10.47,20.48,29.91
NAPA,CA,5.21,10.52,17.79
NEVADA,CA,6.18,12.85,20.50
ORANGE,CA,7.91,14.24,20.78
PLACER,CA,5.71,9.40,14.17
PLUMAS,CA,6.75,12.78,21.86
RIVERSIDE,CA,11.28,19.79,28.91
SACRAMENTO,CA,11.80,20.04,27.86
SAN BENITO,CA,7.25,14.05,21.44
SAN BERNARDINO,CA,13.68,23.68,33.48
SAN DIEGO,CA,8.67,15.74,23.15
SAN FRANCISCO,CA,5.80,12.00,16.94
SAN JOAQUIN,CA,12.73,22.60,31.78
SAN LUIS OBISPO,CA,6.54,11.53,17.94
SAN MATEO,CA,4.23,8.27,12.71
SANTA BARBARA,CA,8.96,16.70,25.93
SANTA CLARA,CA,4.94,9.56,14.20
SANTA CRUZ,CA,8.00,14.32,20.78
SHASTA,CA,10.84,19.34,28.94
SIERRA,CA,4.44,8.06,12.50
SISKIYOU,CA,13.28,23.07,34.38
SOLANO,CA,7.94,14.19,20.68
SONOMA,CA,6.10,11.12,17.55
STANISLAUS,CA,12.71,23.51,34.22
SUTTER,CA,13.31,23.42,34.02
TEHAMA,CA,14.90,27.34,38.83
TRINITY,CA,12.63,27.01,35.38
TULARE,CA,21.41,35.13,45.93
TUOLUMNE,CA,8.32,14.85,22.86
VENTURA,CA,6.58,13.01,19.53
YOLO,CA,9.29,16.65,23.16
YUBA,CA,15.19,25.27,33.04
ADAMS,CO,8.51,16.34,24.53
ALAMOSA,CO,16.70,31.87,41.71
ARAPAHOE,CO,6.26,11.44,18.09
ARCHULETA,CO,7.41,13.75,25.50
BACA,CO,15.41,29.19,38.73
BENT,CO,22.89,36.12,48.16
BOULDER,CO,5.49,9.38,13.86
BROOMFIELD,CO,2.45,5.94,9.56
CHAFFEE,CO,6.39,11.94,22.78
CHEYENNE,CO,7.02,13.22,23.14
CLEAR CREEK,CO,3.10,7.98,14.95
CONEJOS,CO,16.50,32.60,44.58
COSTILLA,CO,26.01,43.18,55.45
CROWLEY,CO,18.01,26.71,37.27
CUSTER,CO,9.96,15.32,27.90
DELTA,CO,11.84,21.68,29.99
DENVER,CO,10.05,17.77,25.14
DOLORES,CO,10.72,20.66,33.33
DOUGLAS,CO,2.27,3.84,6.69
EAGLE,CO,3.79,9.25,16.73
ELBERT,CO,3.06,6.81,10.88
EL PASO,CO,7.72,14.02,21.42
FREMONT,CO,11.13,21.39,30.77
GARFIELD,CO,5.88,11.70,20.19
GILPIN,CO,2.87,7.12,8.93
GRAND,CO,4.24,13.02,17.31
GUNNISON,CO,5.52,15.19,21.43
HINSDALE,CO,8.12,13.28,25.46
HUERFANO,CO,13.49,21.57,36.19
JACKSON,CO,7.36,10.90,23.98
JEFFERSON,CO,4.31,8.03,13.11
KIOWA,CO,8.99,23.98,30.25
KIT CARSON,CO,6.74,18.91,28.30
LAKE,CO,11.28,25.24,34.43
LA PLATA,CO,4.47,10.51,16.13
LARIMER,CO,5.68,10.58,16.75
LAS ANIMAS,CO,11.56,22.11,34.00
LINCOLN,CO,8.38,13.48,24.00
LOGAN,CO,8.97,19.40,28.38
MESA,CO,11.67,19.07,25.71
MINERAL,CO,6.69,8.92,15.24
MOFFAT,CO,9.55,18.14,29.24
MONTEZUMA,CO,10.61,21.98,29.57
MONTROSE,CO,12.21,19.02,27.44
MORGAN,CO,6.23,18.74,29.45
OTERO,CO,20.27,32.77,44.56
OURAY,CO,6.97,11.72,16.32
PARK,CO,2.59,5.45,14.69
PHILLIPS,CO,4.34,16.05,27.21
PITKIN,CO,1.95,5.23,9.65
PROWERS,CO,14.26,24.90,37.74
PUEBLO,CO,14.49,23.41,34.06
RIO BLANCO,CO,9.29,15.36,22.95
RIO GRANDE,CO,13.98,22.16,37.76
ROUTT,CO,5.85,8.52,13.08
SAGUACHE,CO,12.69,29.86,44.82
SAN JUAN,CO,0.00,7.56,21.85
SAN MIGUEL,CO,3.80,10.70,16.45
SEDGWICK,CO,9.80,17.57,28.72
SUMMIT,CO,4.00,8.25,15.14
TELLER,CO,5.90,11.81,20.35
WASHINGTON,CO,9.16,18.40,26.63
WELD,CO,7.07,13.53,20.92
YUMA,CO,11.14,19.82,34.10
FAIRFIELD,CT,6.30,11.18,16.49
HARTFORD,CT,7.85,13.57,19.35
LITCHFIELD,CT,4.05,7.33,11.73
MIDDLESEX,CT,4.36,7.54,12.05
NEW HAVEN,CT,8.31,13.74,19.97
NEW LONDON,CT,7.22,12.10,18.21
TOLLAND,CT,2.77,6.45,10.43
WINDHAM,CT,7.53,12.85,19.22
DISTRICT OF COLUMBIA,DC,12.89,19.17,24.30
KENT,DE,10.39,18.19,27.23
NEW CASTLE,DE,7.28,12.30,17.92
SUSSEX,DE,7.73,13.55,21.21
ALACHUA,FL,10.63,17.61,24.99
BAKER,FL,11.12,19.29,29.23
BAY,FL,10.52,18.51,27.90
BRADFORD,FL,15.64,23.85,31.62
BREVARD,FL,8.81,16.18,24.32
BROWARD,FL,10.29,18.85,27.93
CALHOUN,FL,6.37,22.83,33.62
CHARLOTTE,FL,7.50,14.70,23.37
CITRUS,FL,11.05,19.76,30.62
CLAY,FL,8.74,16.19,23.06
COLLIER,FL,7.95,14.64,21.97
COLUMBIA,FL,11.01,21.21,30.21
DESOTO,FL,20.45,35.46,49.20
DIXIE,FL,16.82,32.03,39.89
DUVAL,FL,11.73,20.18,29.06
ESCAMBIA,FL,8.63,16.53,24.91
FLAGLER,FL,7.89,16.03,24.87
FRANKLIN,FL,15.42,26.98,36.15
GADSDEN,FL,17.55,26.48,38.12
GILCHRIST,FL,13.55,25.03,36.46
GLADES,FL,11.05,21.64,31.79
GULF,FL,10.11,18.13,31.57
HAMILTON,FL,25.17,33.58,46.85
HARDEE,FL,19.89,33.41,46.77
HENDRY,FL,23.13,35.41,47.25
HERNANDO,FL,10.11,18.99,29.97
HIGHLANDS,FL,13.28,23.98,35.80
HILLSBOROUGH,FL,11.22,19.47,28.20
HOLMES,FL,21.01,32.34,41.96
INDIAN RIVER,FL,6.45,14.05,22.86
JACKSON,FL,16.37,26.20,37.69
JEFFERSON,FL,11.68,21.54,30.30
LAFAYETTE,FL,26.26,36.93,44.86
LAKE,FL,8.91,17.87,26.81
LEE,FL,9.62,16.89,25.41
LEON,FL,9.86,16.98,24.96
LEVY,FL,16.36,28.81,39.75
LIBERTY,FL,11.19,27.77,45.87
MADISON,FL,21.81,31.77,42.19
MANATEE,FL,8.16,15.28,23.04
MARION,FL,12.02,20.74,31.78
MARTIN,FL,6.93,12.65,18.88
MIAMI-DADE,FL,14.75,27.29,38.33
MONROE,FL,7.42,13.70,20.19
NASSAU,FL,7.57,12.57,20.04
OKALOOSA,FL,8.03,14.64,22.25
OKEECHOBEE,FL,17.03,28.44,40.74
ORANGE,FL,12.26,21.78,31.32
OSCEOLA,FL,13.43,25.60,38.03
PALM BEACH,FL,8.97,16.51,24.76
PASCO,FL,9.50,18.37,27.58
PINELLAS,FL,8.61,15.77,24.32
POLK,FL,12.47,22.28,33.10
PUTNAM,FL,18.26,30.11,41.63
ST. JOHNS,FL,5.18,10.23,14.84
ST. LUCIE,FL,10.81,20.29,30.13
SANTA ROSA,FL,7.38,13.86,21.23
SARASOTA,FL,5.71,10.96,17.56
SEMINOLE,FL,7.88,14.35,21.75
SUMTER,FL,5.04,9.50,16.17
SUWANNEE,FL,13.31,24.01,37.26
TAYLOR,FL,16.64,26.66,42.72
UNION,FL,17.57,24.87,36.51
VOLUSIA,FL,9.65,18.02,27.95
WAKULLA,FL,7.42,14.13,23.77
WALTON,FL,10.55,18.53,24.74
WASHINGTON,FL,17.66,29.85,42.06
APPLING,GA,17.57,30.91,41.31
ATKINSON,GA,25.20,40.83,50.77
BACON,GA,21.08,32.98,42.93
BAKER,GA,15.22,20.41,42.63
BALDWIN,GA,15.15,26.95,39.56
BANKS,GA,11.47,23.88,36.62
BARROW,GA,9.84,20.26,29.70
BARTOW,GA,10.52,21.12,33.04
BEN HILL,GA,26.65,34.01,50.65
BERRIEN,GA,19.27,33.41,43.79
BIBB,GA,20.35,30.09,39.39
BLECKLEY,GA,15.81,26.57,41.29
BRANTLEY,GA,20.34,33.69,47.82
BROOKS,GA,22.70,32.21,43.45
BRYAN,GA,10.97,15.84,23.37
BULLOCH,GA,17.86,28.03,38.50
BURKE,GA,20.45,32.00,42.88
BUTTS,GA,19.11,29.97,38.60
CALHOUN,GA,27.63,42.46,57.88
CAMDEN,GA,11.17,20.42,30.51
CANDLER,GA,27.31,42.23,51.48
CARROLL,GA,13.50,23.22,30.79
CATOOSA,GA,6.86,13.40,22.18
CHARLTON,GA,13.60,28.02,36.79
CHATHAM,GA,11.60,20.40,28.93
CHATTAHOOCHEE,GA,14.28,28.08,42.89
CHATTOOGA,GA,14.34,28.31,44.08
CHEROKEE,GA,5.95,10.34,16.59
CLARKE,GA,18.10,30.02,37.61
CLAY,GA,28.61,44.36,57.66
CLAYTON,GA,16.57,29.98,41.85
CLINCH,GA,34.27,43.75,49.09
COBB,GA,6.90,13.14,19.69
COFFEE,GA,18.57,28.58,42.07
COLQUITT,GA,20.34,34.55,45.19
COLUMBIA,GA,6.04,10.28,16.20
COOK,GA,18.54,30.96,42.84
COWETA,GA,9.03,13.79,22.79
CRAWFORD,GA,19.03,27.79,38.15
CRISP,GA,25.58,37.99,49.04
DADE,GA,10.64,17.80,29.62
DAWSON,GA,6.79,10.46,20.66
DECATUR,GA,21.28,31.25,40.30
DEKALB,GA,12.31,20.87,29.01
DODGE,GA,20.48,33.17,41.47
DOOLY,GA,21.46,32.33,44.20
DOUGHERTY,GA,24.31,34.94,45.91
DOUGLAS,GA,10.54,18.86,26.47
EARLY,GA,24.16,39.32,47.33
ECHOLS,GA,25.76,29.94,39.39
EFFINGHAM,GA,6.33,13.21,21.89
ELBERT,GA,15.30,25.96,40.53
EMANUEL,GA,18.75,32.10,45.38
EVANS,GA,22.74,35.23,44.45
FANNIN,GA,9.33,18.83,28.65
FAYETTE,GA,4.49,8.74,13.54
FLOYD,GA,14.81,23.57,34.34
FORSYTH,GA,4.38,7.44,11.59
FRANKLIN,GA,19.67,28.93,39.75
FULTON,GA,11.22,17.89,23.98
GILMER,GA,10.47,18.48,30.13
GLASCOCK,GA,14.70,25.41,28.85
GLYNN,GA,14.56,22.72,31.25
GORDON,GA,16.33,26.65,38.69
GRADY,GA,16.95,26.18,38.21
GREENE,GA,14.89,23.72,31.26
GWINNETT,GA,9.05,16.82,25.40
HABERSHAM,GA,11.03,18.75,30.46
HALL,GA,10.77,19.23,28.36
HANCOCK,GA,18.78,30.36,42.74
HARALSON,GA,13.77,23.03,34.09
HARRIS,GA,5.39,11.31,19.40
HART,GA,13.63,29.27,37.91
HEARD,GA,12.28,20.77,29.68
HENRY,GA,8.45,15.57,22.39
HOUSTON,GA,12.52,20.81,27.35
IRWIN,GA,15.31,31.55,39.76
JACKSON,GA,7.71,14.19,23.52
JASPER,GA,14.43,29.22,39.80
JEFF DAVIS,GA,18.56,32.26,47.57
JEFFERSON,GA,19.13,29.96,41.79
JENKINS,GA,20.21,34.83,44.86
JOHNSON,GA,16.56,24.58,41.98
JONES,GA,11.64,21.86,29.85
LAMAR,GA,16.49,24.40,32.52
LANIER,GA,20.61,30.22,43.80
LAURENS,GA,19.94,30.80,41.76
LEE,GA,9.22,14.63,20.98
LIBERTY,GA,14.74,27.91,42.48
LINCOLN,GA,17.72,22.79,34.39
LONG,GA,14.11,24.96,34.91
LOWNDES,GA,18.45,27.99,38.75
LUMPKIN,GA,8.99,19.87,28.40
MCDUFFIE,GA,20.46,31.29,38.27
MCINTOSH,GA,15.02,22.58,31.53
MACON,GA,22.33,33.59,43.89
MADISON,GA,12.71,23.02,33.71
MARION,GA,17.82,28.99,36.63
MERIWETHER,GA,16.06,29.12,42.53
MILLER,GA,17.18,23.89,32.35
MITCHELL,GA,18.22,32.05,47.51
MONROE,GA,10.31,18.17,26.89
MONTGOMERY,GA,16.46,26.42,36.67
MORGAN,GA,8.25,14.85,25.51
MURRAY,GA,12.12,23.45,36.96
MUSCOGEE,GA,16.07,25.56,35.18
NEWTON,GA,14.54,22.33,32.77
OCONEE,GA,4.87,9.29,15.59
OGLETHORPE,GA,13.51,24.78,34.86
PAULDING,GA,7.38,14.14,23.43
PEACH,GA,18.07,28.22,38.65
PICKENS,GA,5.66,12.65,20.59
PIERCE,GA,18.99,26.22,35.12
PIKE,GA,9.24,14.08,21.56
POLK,GA,14.35,25.96,36.82
PULASKI,GA,21.48,31.38,38.51
PUTNAM,GA,8.89,19.52,30.32
QUITMAN,GA,22.76,33.89,44.68
RABUN,GA,14.48,25.68,34.60
RANDOLPH,GA,28.88,38.49,52.08
RICHMOND,GA,18.35,29.95,40.36
ROCKDALE,GA,12.35,21.21,30.21
SCHLEY,GA,20.66,30.23,41.87
SCREVEN,GA,18.16,27.59,41.09
SEMINOLE,GA,22.29,30.78,45.45
SPALDING,GA,16.78,28.50,39.25
STEPHENS,GA,10.81,20.19,34.82
STEWART,GA,29.54,44.81,49.14
SUMTER,GA,21.70,32.67,43.21
TALBOT,GA,13.36,26.83,36.92
TALIAFERRO,GA,19.80,28.36,46.70
TATTNALL,GA,16.69,30.14,39.66
TAYLOR,GA,22.30,39.91,45.03
TELFAIR,GA,24.98,39.83,55.59
TERRELL,GA,28.22,38.09,47.30
THOMAS,GA,17.14,29.42,39.57
TIFT,GA,18.71,26.28,37.55
TOOMBS,GA,17.08,31.82,42.97
TOWNS,GA,11.27,20.62,28.77
TREUTLEN,GA,13.88,25.56,35.61
TROUP,GA,16.60,25.01,36.71
TURNER,GA,29.80,34.18,38.42
TWIGGS,GA,19.17,28.00,41.04
UNION,GA,9.70,17.65,28.61
UPSON,GA,17.43,27.32,38.83
WALKER,GA,13.11,23.99,36.14
WALTON,GA,9.63,18.02,25.88
WARE,GA,17.62,27.60,36.65
WARREN,GA,21.67,33.40,47.78
WASHINGTON,GA,21.52,29.93,42.32
WAYNE,GA,14.28,26.86,38.38
WEBSTER,GA,19.28,32.45,39.81
WHEELER,GA,21.76,39.25,51.37
WHITE,GA,10.18,16.86,29.69
WHITFIELD,GA,13.18,25.78,39.73
WILCOX,GA,15.55,25.90,43.12
WILKES,GA,18.50,31.29,40.85
WILKINSON,GA,19.85,28.11,39.42
WORTH,GA,17.43,26.79,35.67
HAWAII,HI,11.87,18.47,26.28
HONOLULU,HI,5.70,10.21,16.14
KALAWAO,HI,25.00,25.00,25.00
KAUAI,HI,6.25,12.72,18.86
MAUI,HI,6.57,11.16,17.58
ADAIR,IA,4.92,14.41,20.64
ADAMS,IA,5.75,8.77,20.57
ALLAMAKEE,IA,5.93,13.76,24.94
APPANOOSE,IA,9.38,18.51,29.71
AUDUBON,IA,7.73,14.53,26.28
BENTON,IA,6.50,10.50,17.33
BLACK HAWK,IA,9.95,17.32,25.04
BOONE,IA,3.66,10.89,16.91
BREMER,IA,4.25,7.90,13.17
BUCHANAN,IA,6.98,11.61,19.06
BUENA VISTA,IA,9.39,17.08,30.15
BUTLER,IA,6.65,11.27,20.29
CALHOUN,IA,10.07,16.24,23.40
CARROLL,IA,5.11,9.44,18.06
CASS,IA,9.25,18.05,26.17
CEDAR,IA,3.01,7.57,13.13
CERRO GORDO,IA,7.94,13.98,21.52
CHEROKEE,IA,5.38,13.65,21.43
CHICKASAW,IA,3.78,9.73,17.85
CLARKE,IA,11.04,17.55,29.17
CLAY,IA,9.91,17.98,27.03
CLAYTON,IA,4.92,13.88,19.87
CLINTON,IA,7.85,15.64,23.17
CRAWFORD,IA,11.50,17.54,26.02
DALLAS,IA,3.51,6.50,10.57
DAVIS,IA,10.34,16.67,24.03
DECATUR,IA,13.08,24.90,34.32
DELAWARE,IA,5.18,14.10,20.83
DES MOINES,IA,11.08,18.35,25.60
DICKINSON,IA,4.09,10.42,17.01
DUBUQUE,IA,7.22,12.30,18.10
EMMET,IA,7.91,18.33,27.39
FAYETTE,IA,6.95,14.64,22.79
FLOYD,IA,10.17,18.01,26.01
FRANKLIN,IA,8.90,17.94,27.95
FREMONT,IA,6.53,15.70,24.47
GREENE,IA,6.53,14.18,21.47
GRUNDY,IA,3.73,9.36,16.00
GUTHRIE,IA,7.07,12.65,21.41
HAMILTON,IA,4.58,10.00,18.29
HANCOCK,IA,6.16,11.39,18.78
HARDIN,IA,5.03,12.33,21.43
HARRISON,IA,7.32,13.94,20.37
HENRY,IA,8.31,15.18,25.18
HOWARD,IA,8.32,13.13,21.86
HUMBOLDT,IA,8.11,17.19,25.46
IDA,IA,7.83,12.92,21.99
IOWA,IA,5.76,11.15,19.13
JACKSON,IA,7.72,14.48,21.46
JASPER,IA,6.10,13.16,23.92
JEFFERSON,IA,7.40,14.95,30.12
JOHNSON,IA,6.72,12.33,17.07
JONES,IA,6.49,14.45,21.90
KEOKUK,IA,6.13,13.55,25.21
KOSSUTH,IA,6.12,13.27,21.65
LEE,IA,11.37,19.67,27.89
LINN,IA,6.70,11.96,17.87
LOUISA,IA,8.75,17.66,27.12
LUCAS,IA,8.77,16.07,25.18
LYON,IA,3.43,9.25,18.08
MADISON,IA,3.37,7.12,15.32
MAHASKA,IA,10.60,18.59,28.21
MARION,IA,7.46,12.61,19.81
MARSHALL,IA,7.22,13.72,24.04
MILLS,IA,5.08,9.90,17.03
MITCHELL,IA,4.73,12.62,20.89
MONONA,IA,11.07,17.52,26.49
MONROE,IA,8.01,19.02,26.09
MONTGOMERY,IA,14.66,23.90,30.55
MUSCATINE,IA,8.95,15.15,24.29
O'BRIEN,IA,6.59,13.06,18.73
OSCEOLA,IA,9.04,13.11,24.21
PAGE,IA,7.27,13.59,23.96
PALO ALTO,IA,3.29,12.69,19.44
PLYMOUTH,IA,5.99,12.14,17.18
POCAHONTAS,IA,6.86,14.60,25.32
POLK,IA,7.47,13.27,20.36
POTTAWATTAMIE,IA,7.88,13.96,22.16
POWESHIEK,IA,7.66,14.60,20.24
RINGGOLD,IA,7.81,16.32,27.69
SAC,IA,7.37,13.45,20.85
SCOTT,IA,8.16,13.42,20.09
SHELBY,IA,6.26,13.79,20.99
SIOUX,IA,4.44,9.61,16.86
STORY,IA,4.92,11.15,17.50
TAMA,IA,8.05,14.23,23.13
TAYLOR,IA,4.68,15.26,22.69
UNION,IA,9.67,19.31,28.38
VAN BUREN,IA,8.49,15.20,26.10
WAPELLO,IA,12.65,22.49,32.89
WARREN,IA,4.96,8.73,13.80
WASHINGTON,IA,7.41,13.98,20.88
WAYNE,IA,10.15,20.72,30.81
WEBSTER,IA,10.16,21.14,30.42
WINNEBAGO,IA,5.66,12.85,22.89
WINNESHIEK,IA,4.76,8.83,13.90
WOODBURY,IA,9.60,18.57,26.80
WORTH,IA,6.83,10.24,20.82
WRIGHT,IA,10.14,18.15,28.66
ADA,ID,6.68,11.57,18.06
ADAMS,ID,6.55,18.48,30.67
BANNOCK,ID,11.39,20.23,30.56
BEAR LAKE,ID,12.49,19.01,23.61
BENEWAH,ID,9.53,21.78,30.50
BINGHAM,ID,9.79,22.03,31.55
BLAINE,ID,10.75,17.24,25.57
BOISE,ID,9.51,15.76,26.06
BONNER,ID,9.55,17.92,26.03
BONNEVILLE,ID,8.89,18.00,28.33
BOUNDARY,ID,10.95,18.00,26.49
BUTTE,ID,12.48,19.43,32.34
CAMAS,ID,13.62,25.35,38.97
CANYON,ID,10.29,22.90,35.70
CARIBOU,ID,5.96,15.17,24.00
CASSIA,ID,11.01,21.62,35.33
CLARK,ID,14.17,35.42,48.75
CLEARWATER,ID,9.79,16.75,27.68
CUSTER,ID,15.79,18.51,33.77
ELMORE,ID,10.50,25.82,36.92
FRANKLIN,ID,10.58,20.33,28.90
FREMONT,ID,11.83,22.10,34.79
GEM,ID,14.41,22.31,32.72
GOODING,ID,11.06,19.63,31.91
IDAHO,ID,9.05,21.82,35.04
JEFFERSON,ID,5.51,14.91,28.66
JEROME,ID,13.72,23.79,37.22
KOOTENAI,ID,9.34,15.55,25.52
LATAH,ID,9.00,14.79,22.87
LEMHI,ID,6.56,22.08,34.55
LEWIS,ID,8.38,19.80,30.69
LINCOLN,ID,8.93,22.81,33.20
MADISON,ID,28.12,43.44,55.53
MINIDOKA,ID,14.15,24.68,37.33
NEZ PERCE,ID,8.99,15.86,24.43
ONEIDA,ID,8.97,15.48,26.12
OWYHEE,ID,17.13,29.73,38.87
PAYETTE,ID,9.82,19.53,28.87
POWER,ID,7.29,22.05,34.25
SHOSHONE,ID,11.60,22.28,31.75
TETON,ID,4.64,13.64,19.91
TWIN FALLS,ID,10.49,19.98,29.92
VALLEY,ID,3.63,6.24,22.32
WASHINGTON,ID,13.57,28.95,42.14
ADAMS,IL,8.24,14.72,23.56
ALEXANDER,IL,22.93,31.67,42.70
BOND,IL,7.92,15.31,20.42
BOONE,IL,7.85,14.44,24.30
BROWN,IL,6.30,11.74,20.06
BUREAU,IL,9.45,16.73,24.03
CALHOUN,IL,9.32,14.27,20.46
CARROLL,IL,9.03,13.57,21.87
CASS,IL,10.90,20.41,32.55
CHAMPAIGN,IL,9.55,16.30,23.14
CHRISTIAN,IL,9.14,17.12,24.91
CLARK,IL,9.94,18.67,27.25
CLAY,IL,12.37,18.68,26.81
CLINTON,IL,6.36,11.95,17.63
COLES,IL,13.39,22.44,28.37
COOK,IL,11.42,19.60,27.48
CRAWFORD,IL,9.02,15.87,25.95
CUMBERLAND,IL,10.33,16.87,23.59
DEKALB,IL,9.48,14.87,22.12
DE WITT,IL,8.28,14.44,20.71
DOUGLAS,IL,11.13,20.23,26.59
DUPAGE,IL,4.75,8.64,13.30
EDGAR,IL,9.70,15.45,24.44
EDWARDS,IL,8.02,13.20,23.52
EFFINGHAM,IL,8.57,14.42,21.59
FAYETTE,IL,13.89,24.49,35.24
FORD,IL,12.24,19.22,25.28
FRANKLIN,IL,15.20,25.49,35.01
FULTON,IL,11.60,20.06,27.46
GALLATIN,IL,14.45,25.98,36.38
GREENE,IL,10.63,18.21,29.59
GRUNDY,IL,6.87,10.00,16.12
HAMILTON,IL,5.52,11.97,22.17
HANCOCK,IL,7.62,16.27,24.13
HARDIN,IL,9.04,17.31,27.34
HENDERSON,IL,5.04,12.39,24.03
HENRY,IL,8.68,14.40,21.11
IROQUOIS,IL,10.02,17.58,25.73
JACKSON,IL,15.20,24.69,33.15
JASPER,IL,9.44,14.28,21.24
JEFFERSON,IL,14.13,20.74,29.40
JERSEY,IL,6.01,12.36,18.16
JO DAVIESS,IL,5.59,12.15,19.06
JOHNSON,IL,7.68,16.25,27.89
KANE,IL,7.32,12.93,19.82
KANKAKEE,IL,10.54,17.21,23.34
KENDALL,IL,3.48,6.31,13.78
KNOX,IL,11.23,19.32,27.20
LAKE,IL,6.21,11.70,17.07
LA SALLE,IL,9.94,15.89,23.37
LAWRENCE,IL,13.86,22.22,33.35
LEE,IL,5.88,11.91,20.66
LIVINGSTON,IL,10.01,18.16,25.50
LOGAN,IL,5.09,12.58,19.89
MCDONOUGH,IL,10.21,17.42,25.59
MCHENRY,IL,5.10,8.69,13.59
MCLEAN,IL,7.60,12.76,18.06
MACON,IL,11.83,19.19,26.57
MACOUPIN,IL,9.29,15.99,24.03
MADISON,IL,9.99,15.59,21.97
MARION,IL,13.97,22.94,31.71
MARSHALL,IL,8.90,14.78,21.14
MASON,IL,12.35,22.16,32.36
MASSAC,IL,14.05,22.64,34.35
MENARD,IL,6.94,11.04,18.49
MERCER,IL,9.27,13.78,19.18
MONROE,IL,3.70,6.83,11.13
MONTGOMERY,IL,11.74,18.17,26.49
MORGAN,IL,10.66,18.17,27.47
MOULTRIE,IL,6.13,13.27,20.71
OGLE,IL,6.52,14.04,22.24
PEORIA,IL,11.61,19.26,26.11
PERRY,IL,11.86,18.82,28.62
PIATT,IL,3.50,7.39,13.84
PIKE,IL,9.45,21.62,30.98
POPE,IL,9.58,12.88,28.36
PULASKI,IL,12.00,29.99,41.84
PUTNAM,IL,4.12,8.48,16.78
RANDOLPH,IL,8.24,17.49,23.93
RICHLAND,IL,8.87,16.67,27.23
ROCK ISLAND,IL,11.47,17.69,26.09
ST. CLAIR,IL,12.07,19.24,26.15
SALINE,IL,18.21,28.00,36.41
SANGAMON,IL,10.86,16.92,22.47
SCHUYLER,IL,6.62,12.03,22.39
SCOTT,IL,10.12,16.77,24.59
SHELBY,IL,8.80,18.23,25.88
STARK,IL,10.71,19.33,23.37
STEPHENSON,IL,9.94,18.09,27.79
TAZEWELL,IL,5.76,11.96,18.72
UNION,IL,12.01,21.31,30.54
VERMILION,IL,15.05,23.35,32.67
WABASH,IL,8.30,16.90,25.10
WARREN,IL,8.98,18.15,28.70
WASHINGTON,IL,5.45,10.43,17.46
WAYNE,IL,10.46,18.51,29.10
WHITE,IL,8.43,18.96,27.70
WHITESIDE,IL,7.30,14.85,24.11
WILL,IL,5.36,10.15,15.30
WILLIAMSON,IL,10.12,17.22,25.49
WINNEBAGO,IL,11.62,19.79,28.24
WOODFORD,IL,5.65,10.38,16.13
ADAMS,IN,12.79,21.50,29.05
ALLEN,IN,10.54,18.69,26.82
BARTHOLOMEW,IN,9.16,14.71,22.84
BENTON,IN,9.96,20.86,31.27
BLACKFORD,IN,9.07,18.55,31.24
BOONE,IN,3.25,7.27,12.95
BROWN,IN,5.19,13.09,21.20
CARROLL,IN,7.26,14.28,23.88
CASS,IN,10.31,19.33,28.61
CLARK,IN,6.89,14.99,22.33
CLAY,IN,11.15,18.73,27.10
CLINTON,IN,7.02,14.83,25.79
CRAWFORD,IN,11.93,24.38,32.60
DAVIESS,IN,8.62,17.70,29.69
DEARBORN,IN,6.17,12.36,18.31
DECATUR,IN,9.79,15.62,24.40
DE KALB,IN,7.75,13.79,24.11
DELAWARE,IN,12.96,22.06,31.50
DUBOIS,IN,9.26,12.72,19.23
ELKHART,IN,10.02,17.93,27.48
FAYETTE,IN,15.24,23.64,33.65
FLOYD,IN,7.75,12.99,19.07
FOUNTAIN,IN,8.51,16.41,28.25
FRANKLIN,IN,6.19,16.86,24.35
FULTON,IN,10.26,15.58,24.67
GIBSON,IN,6.55,14.28,23.27
GRANT,IN,14.96,23.87,34.17
GREENE,IN,10.57,18.85,28.06
HAMILTON,IN,3.35,6.37,10.92
HANCOCK,IN,5.28,9.92,14.98
HARRISON,IN,7.17,13.82,21.49
HENDRICKS,IN,3.71,6.87,11.82
HENRY,IN,11.71,20.73,29.34
HOWARD,IN,13.13,19.15,27.03
HUNTINGTON,IN,6.76,15.37,23.17
JACKSON,IN,12.38,20.26,29.05
JASPER,IN,6.79,12.92,22.11
JAY,IN,10.80,20.03,29.20
JEFFERSON,IN,10.45,17.46,28.11
JENNINGS,IN,11.03,18.94,27.20
JOHNSON,IN,6.04,11.29,17.71
KNOX,IN,12.72,21.83,30.22
KOSCIUSKO,IN,7.22,13.31,22.98
LAGRANGE,IN,5.09,13.51,25.35
LAKE,IN,12.93,20.24,27.99
LA PORTE,IN,12.23,20.14,27.29
LAWRENCE,IN,10.14,18.74,28.71
MADISON,IN,13.25,22.66,31.14
MARION,IN,14.13,23.85,33.52
MARSHALL,IN,7.64,17.46,27.16
MARTIN,IN,9.13,17.71,23.42
MIAMI,IN,10.79,21.52,32.29
MONROE,IN,11.71,18.02,26.05
MONTGOMERY,IN,6.00,13.38,24.04
MORGAN,IN,7.95,13.15,20.87
NEWTON,IN,8.79,18.22,29.59
NOBLE,IN,5.41,14.11,24.73
OHIO,IN,4.04,6.72,11.79
ORANGE,IN,13.51,22.05,33.46
OWEN,IN,9.78,18.67,28.23
PARKE,IN,9.61,18.42,29.02
PERRY,IN,12.84,20.15,26.50
PIKE,IN,7.10,14.65,22.43
PORTER,IN,7.93,12.60,17.86
POSEY,IN,7.03,11.39,17.47
PULASKI,IN,8.89,16.69,29.16
PUTNAM,IN,8.34,15.40,24.72
RANDOLPH,IN,10.76,18.96,29.79
RIPLEY,IN,7.74,14.36,24.17
RUSH,IN,12.53,18.67,27.93
ST. JOSEPH,IN,11.34,19.28,27.47
SCOTT,IN,11.51,21.79,31.09
SHELBY,IN,7.16,13.56,21.02
SPENCER,IN,6.22,12.60,19.52
STARKE,IN,8.47,19.13,30.97
STEUBEN,IN,7.00,12.54,23.16
SULLIVAN,IN,9.83,21.35,31.56
SWITZERLAND,IN,17.56,27.35,34.27
TIPPECANOE,IN,9.48,16.30,25.13
TIPTON,IN,6.11,12.83,20.67
UNION,IN,4.50,13.45,26.23
VANDERBURGH,IN,12.50,20.60,29.49
VERMILLION,IN,11.12,15.82,27.15
VIGO,IN,12.99,23.58,32.98
WABASH,IN,9.51,17.32,27.61
WARREN,IN,7.02,11.61,19.66
WARRICK,IN,5.53,10.23,15.92
WASHINGTON,IN,10.98,19.20,30.58
WAYNE,IN,12.21,21.41,31.57
WELLS,IN,5.91,12.37,20.33
WHITE,IN,5.63,13.37,21.40
WHITLEY,IN,6.80,12.08,18.67
ALLEN,KS,12.12,20.83,29.23
ANDERSON,KS,8.15,17.05,28.11
ATCHISON,KS,10.81,16.14,23.71
BARBER,KS,11.92,20.03,28.07
BARTON,KS,10.89,19.57,27.44
BOURBON,KS,11.27,25.83,38.09
BROWN,KS,8.66,17.52,27.91
BUTLER,KS,7.18,13.06,20.91
CHASE,KS,9.05,18.10,26.23
CHAUTAUQUA,KS,14.27,23.97,34.89
CHEROKEE,KS,11.02,23.20,34.81
CHEYENNE,KS,6.49,17.63,23.41
CLARK,KS,8.93,19.31,25.50
CLAY,KS,4.32,9.29,16.78
CLOUD,KS,6.92,20.58,33.19
COFFEY,KS,7.36,12.00,19.93
COMANCHE,KS,2.89,6.82,16.12
COWLEY,KS,10.71,20.26,30.53
CRAWFORD,KS,13.48,22.91,32.39
DECATUR,KS,14.92,18.62,27.42
DICKINSON,KS,7.81,16.71,27.58
DONIPHAN,KS,12.15,18.85,25.96
DOUGLAS,KS,7.64,13.24,18.66
EDWARDS,KS,5.81,15.95,24.60
ELK,KS,10.56,19.69,35.66
ELLIS,KS,8.72,15.26,20.68
ELLSWORTH,KS,7.77,14.43,24.11
FINNEY,KS,11.39,23.47,34.14
FORD,KS,10.74,22.87,35.52
FRANKLIN,KS,5.56,11.93,23.90
GEARY,KS,11.13,23.44,33.45
GOVE,KS,11.07,17.16,28.23
GRAHAM,KS,6.38,17.16,28.94
GRANT,KS,2.35,13.58,26.42
GRAY,KS,4.24,9.53,17.57
GREELEY,KS,6.13,15.34,23.62
GREENWOOD,KS,8.40,18.77,33.17
HAMILTON,KS,6.10,18.13,32.68
HARPER,KS,9.00,16.13,28.53
HARVEY,KS,7.75,12.87,19.76
HASKELL,KS,10.40,21.48,30.73
HODGEMAN,KS,6.91,10.17,22.46
JACKSON,KS,6.39,11.29,19.42
JEFFERSON,KS,5.30,10.05,18.56
JEWELL,KS,11.25,24.33,32.15
JOHNSON,KS,3.80,7.17,11.93
KEARNY,KS,13.68,22.84,28.53
KINGMAN,KS,6.26,11.44,19.16
KIOWA,KS,3.63,12.16,21.64
LABETTE,KS,13.38,20.69,29.60
LANE,KS,5.90,15.65,22.68
LEAVENWORTH,KS,6.10,10.89,17.72
LINCOLN,KS,7.13,12.55,22.32
LINN,KS,12.84,23.10,33.72
LOGAN,KS,5.09,13.27,23.99
LYON,KS,8.84,19.43,31.03
MCPHERSON,KS,6.35,13.68,20.62
MARION,KS,5.34,11.58,23.97
MARSHALL,KS,5.88,15.92,25.99
MEADE,KS,10.00,17.37,23.25
MIAMI,KS,5.28,9.44,15.40
MITCHELL,KS,7.96,16.18,26.73
MONTGOMERY,KS,13.18,23.45,34.01
MORRIS,KS,5.34,12.81,22.33
MORTON,KS,6.14,14.62,28.22
NEMAHA,KS,7.21,12.81,20.42
NEOSHO,KS,12.98,21.95,30.50
NESS,KS,5.73,17.64,25.43
NORTON,KS,6.83,10.74,27.61
OSAGE,KS,7.56,14.38,20.52
OSBORNE,KS,8.66,14.41,21.29
OTTAWA,KS,6.61,14.23,23.69
PAWNEE,KS,3.76,16.16,28.62
PHILLIPS,KS,6.46,16.32,23.96
POTTAWATOMIE,KS,8.87,15.06,20.27
PRATT,KS,6.17,13.36,24.10
RAWLINS,KS,6.32,14.61,23.31
RENO,KS,8.29,16.65,26.25
REPUBLIC,KS,5.92,11.61,18.82
RICE,KS,12.29,18.55,27.97
RILEY,KS,7.18,15.65,25.05
ROOKS,KS,4.85,14.10,22.84
RUSH,KS,4.41,14.14,22.83
RUSSELL,KS,2.52,9.09,19.77
SALINE,KS,8.08,15.14,24.96
SCOTT,KS,0.73,9.18,16.01
SEDGWICK,KS,9.96,17.50,26.08
SEWARD,KS,14.54,28.75,41.26
SHAWNEE,KS,8.29,15.12,23.61
SHERIDAN,KS,1.79,15.82,24.48
SHERMAN,KS,15.18,19.21,26.28
SMITH,KS,7.10,16.46,27.61
STAFFORD,KS,9.27,18.86,25.66
STANTON,KS,8.56,10.75,22.22
STEVENS,KS,16.49,21.41,28.83
SUMNER,KS,10.09,16.34,23.38
THOMAS,KS,6.63,16.22,25.15
TREGO,KS,8.52,14.69,20.63
WABAUNSEE,KS,3.63,8.54,19.11
WALLACE,KS,6.62,10.64,19.39
WASHINGTON,KS,7.55,14.24,22.90
WICHITA,KS,3.09,15.77,29.11
WILSON,KS,9.34,20.58,31.85
WOODSON,KS,13.83,25.93,37.65
WYANDOTTE,KS,16.07,27.94,39.45
ADAIR,KY,15.49,27.87,41.40
ALLEN,KY,15.43,27.27,37.58
ANDERSON,KY,11.04,18.07,28.99
BALLARD,KY,12.30,20.43,28.65
BARREN,KY,16.50,28.21,39.18
BATH,KY,14.65,26.11,36.36
BELL,KY,32.07,46.37,58.68
BOONE,KY,5.25,10.37,16.85
BOURBON,KY,11.75,20.14,28.87
BOYD,KY,14.93,22.81,31.66
BOYLE,KY,9.61,22.88,33.41
BRACKEN,KY,14.56,21.86,31.77
BREATHITT,KY,29.33,43.25,56.78
BRECKINRIDGE,KY,13.84,22.52,33.89
BULLITT,KY,7.86,13.80,20.74
BUTLER,KY,15.58,27.62,38.03
CALDWELL,KY,11.78,20.89,31.11
CALLOWAY,KY,13.53,21.97,30.88
CAMPBELL,KY,9.18,14.51,21.98
CARLISLE,KY,16.05,30.56,38.12
CARROLL,KY,23.98,31.37,38.33
CARTER,KY,21.15,32.96,45.35
CASEY,KY,20.71,35.22,45.89
CHRISTIAN,KY,15.63,29.85,42.01
CLARK,KY,11.42,19.84,28.52
CLAY,KY,32.65,45.08,57.60
CLINTON,KY,16.97,39.20,49.94
CRITTENDEN,KY,10.19,22.46,32.29
CUMBERLAND,KY,18.05,29.98,42.13
DAVIESS,KY,12.07,20.93,29.30
EDMONSON,KY,10.52,26.09,37.55
ELLIOTT,KY,25.00,39.13,49.34
ESTILL,KY,29.87,37.29,47.54
FAYETTE,KY,11.83,18.68,25.75
FLEMING,KY,13.66,25.52,37.19
FLOYD,KY,25.44,37.12,47.48
FRANKLIN,KY,8.74,14.55,20.99
FULTON,KY,25.75,37.45,44.12
GALLATIN,KY,12.55,24.33,37.65
GARRARD,KY,13.13,19.71,28.43
GRANT,KY,14.08,22.92,34.99
GRAVES,KY,13.29,24.61,31.06
GRAYSON,KY,18.86,30.00,42.08
GREEN,KY,12.98,26.64,39.32
GREENUP,KY,11.81,21.07,29.22
HANCOCK,KY,9.15,18.69,26.19
HARDIN,KY,10.57,18.60,27.38
HARLAN,KY,32.10,46.67,56.66
HARRISON,KY,11.03,18.41,26.52
HART,KY,15.83,28.04,42.23
HENDERSON,KY,12.66,19.92,29.42
HENRY,KY,14.45,22.84,31.30
HICKMAN,KY,9.11,23.55,33.21
HOPKINS,KY,13.44,22.08,32.94
JACKSON,KY,25.36,35.87,47.34
JEFFERSON,KY,10.48,17.54,25.25
JESSAMINE,KY,13.88,20.18,27.14
JOHNSON,KY,17.28,27.67,38.10
KENTON,KY,9.55,15.75,22.60
KNOTT,KY,27.27,42.05,53.26
KNOX,KY,27.75,42.31,52.92
LARUE,KY,10.48,24.17,36.15
LAUREL,KY,19.05,30.03,42.21
LAWRENCE,KY,21.48,32.91,46.32
LEE,KY,28.09,43.61,50.75
LESLIE,KY,26.53,35.52,44.95
LETCHER,KY,27.84,38.94,51.67
LEWIS,KY,21.88,35.68,43.81
LINCOLN,KY,19.02,30.10,40.95
LIVINGSTON,KY,10.03,20.98,31.08
LOGAN,KY,11.74,22.98,32.43
LYON,KY,9.28,14.69,23.71
MCCRACKEN,KY,12.35,20.80,28.25
MCCREARY,KY,29.51,46.25,63.88
MCLEAN,KY,12.34,21.19,27.32
MADISON,KY,13.26,20.55,28.64
MAGOFFIN,KY,23.62,36.65,51.70
MARION,KY,14.65,24.87,34.88
MARSHALL,KY,8.22,17.36,25.85
MARTIN,KY,24.32,35.57,52.82
MASON,KY,11.99,23.09,33.84
MEADE,KY,9.62,16.62,25.73
MENIFEE,KY,17.93,27.01,38.23
MERCER,KY,10.54,18.47,28.12
METCALFE,KY,18.61,32.41,46.86
MONROE,KY,16.87,24.29,40.13
MONTGOMERY,KY,17.24,29.53,39.53
MORGAN,KY,21.23,38.83,46.76
MUHLENBERG,KY,13.26,23.37,32.76
NELSON,KY,8.16,14.87,24.07
NICHOLAS,KY,16.31,27.28,39.13
OHIO,KY,15.22,23.20,36.91
OLDHAM,KY,4.22,6.42,11.16
OWEN,KY,11.58,23.20,39.72
OWSLEY,KY,30.05,38.26,50.69
PENDLETON,KY,12.25,18.58,26.44
PERRY,KY,22.98,35.67,47.68
PIKE,KY,21.77,33.27,43.11
POWELL,KY,16.38,29.01,41.27
PULASKI,KY,18.18,28.53,37.59
ROBERTSON,KY,19.46,23.93,33.57
ROCKCASTLE,KY,18.85,30.61,40.19
ROWAN,KY,19.14,33.61,40.36
RUSSELL,KY,19.25,27.47,41.80
SCOTT,KY,9.19,15.27,20.29
SHELBY,KY,8.20,16.20,26.27
SIMPSON,KY,12.01,17.82,29.05
SPENCER,KY,6.58,11.23,16.31
TAYLOR,KY,18.32,29.34,38.86
TODD,KY,15.30,23.39,40.68
TRIGG,KY,8.16,16.01,25.85
TRIMBLE,KY,15.89,24.70,33.90
UNION,KY,9.72,20.19,31.64
WARREN,KY,12.26,20.74,28.64
WASHINGTON,KY,13.12,20.57,28.15
WAYNE,KY,19.10,31.26,44.62
WEBSTER,KY,15.97,26.74,35.91
WHITLEY,KY,20.60,29.87,44.08
WOLFE,KY,29.25,46.67,52.94
WOODFORD,KY,10.13,14.22,19.15
ACADIA PARISH,LA,19.26,29.37,39.47
ALLEN PARISH,LA,15.38,25.86,37.06
ASCENSION PARISH,LA,8.94,13.86,19.52
ASSUMPTION PARISH,LA,15.23,26.65,35.85
AVOYELLES PARISH,LA,18.41,30.51,42.44
BEAUREGARD PARISH,LA,12.29,20.72,28.47
BIENVILLE PARISH,LA,23.92,38.31,47.43
BOSSIER PARISH,LA,12.74,21.14,29.38
CADDO PARISH,LA,17.74,28.48,37.39
CALCASIEU PARISH,LA,13.06,22.27,31.94
CALDWELL PARISH,LA,17.59,32.59,39.50
CAMERON PARISH,LA,10.30,25.02,31.23
CATAHOULA PARISH,LA,17.80,27.10,33.95
CLAIBORNE PARISH,LA,26.64,40.36,49.79
CONCORDIA PARISH,LA,22.08,38.58,44.99
DE SOTO PARISH,LA,19.88,27.71,34.32
EAST BATON ROUGE PARISH,LA,12.27,20.03,28.06
EAST CARROLL PARISH,LA,38.57,49.73,60.73
EAST FELICIANA PARISH,LA,15.95,25.31,35.16
EVANGELINE PARISH,LA,21.25,36.73,48.42
FRANKLIN PARISH,LA,22.43,31.83,44.97
GRANT PARISH,LA,14.34,24.42,34.78
IBERIA PARISH,LA,17.70,27.24,36.35
IBERVILLE PARISH,LA,13.62,24.62,35.60
JACKSON PARISH,LA,20.01,30.00,39.25
JEFFERSON PARISH,LA,11.99,20.67,28.87
JEFFERSON DAVIS PARISH,LA,17.28,28.52,39.49
LAFAYETTE PARISH,LA,11.38,20.32,28.73
LAFOURCHE PARISH,LA,11.81,19.68,29.41
LASALLE PARISH,LA,20.40,27.75,40.77
LINCOLN PARISH,LA,18.53,30.90,37.45
LIVINGSTON PARISH,LA,9.41,17.45,25.62
MADISON PARISH,LA,31.83,45.44,56.33
MOREHOUSE PARISH,LA,24.07,34.66,42.83
NATCHITOCHES PARISH,LA,19.13,31.31,42.48
ORLEANS PARISH,LA,17.77,28.11,37.01
OUACHITA PARISH,LA,18.87,28.98,37.52
PLAQUEMINES PARISH,LA,17.25,22.58,30.71
POINTE COUPEE PARISH,LA,11.24,18.07,30.10
RAPIDES PARISH,LA,15.42,26.40,34.55
RED RIVER PARISH,LA,20.11,30.51,42.39
RICHLAND PARISH,LA,23.58,35.02,44.40
SABINE PARISH,LA,13.92,23.76,35.72
ST. BERNARD PARISH,LA,17.33,29.44,39.74
ST. CHARLES PARISH,LA,8.82,13.68,20.90
ST. HELENA PARISH,LA,15.31,30.09,40.19
ST. JAMES PARISH,LA,11.49,21.15,31.37
ST. JOHN THE BAPTIST PARISH,LA,16.50,22.56,32.46
ST. LANDRY PARISH,LA,24.40,34.84,45.14
ST. MARTIN PARISH,LA,14.59,24.91,35.87
ST. MARY PARISH,LA,14.55,27.84,39.56
ST. TAMMANY PARISH,LA,8.23,14.22,21.36
TANGIPAHOA PARISH,LA,16.85,26.59,36.20
TENSAS PARISH,LA,27.65,48.48,55.87
TERREBONNE PARISH,LA,16.46,25.04,34.26
UNION PARISH,LA,12.73,21.32,28.84
VERMILION PARISH,LA,11.28,20.07,29.49
VERNON PARISH,LA,13.72,25.29,37.02
WASHINGTON PARISH,LA,19.70,32.56,42.47
WEBSTER PARISH,LA,20.23,38.12,51.51
WEST BATON ROUGE PARISH,LA,12.05,18.73,27.94
WEST CARROLL PARISH,LA,16.15,33.85,42.20
WEST FELICIANA PARISH,LA,12.32,15.97,24.01
WINN PARISH,LA,18.87,31.67,39.30
BARNSTABLE,MA,4.40,8.98,14.41
BERKSHIRE,MA,7.89,13.49,20.26
BRISTOL,MA,8.69,14.67,21.27
DUKES,MA,2.60,5.17,17.05
ESSEX,MA,8.04,13.51,19.27
FRANKLIN,MA,5.84,11.84,18.90
HAMPDEN,MA,13.45,21.87,29.41
HAMPSHIRE,MA,6.13,10.16,15.30
MIDDLESEX,MA,5.17,8.64,12.72
NANTUCKET,MA,3.75,6.48,7.63
NORFOLK,MA,4.21,6.98,10.54
PLYMOUTH,MA,5.47,9.31,14.06
SUFFOLK,MA,14.55,22.98,30.73
WORCESTER,MA,7.00,11.62,17.61
ALLEGANY,MD,10.69,19.65,28.21
ANNE ARUNDEL,MD,3.96,7.23,11.15
BALTIMORE,MD,6.01,10.76,16.87
CALVERT,MD,3.03,6.23,9.30
CAROLINE,MD,10.39,20.50,28.46
CARROLL,MD,3.36,5.99,9.55
CECIL,MD,6.53,12.55,18.93
CHARLES,MD,4.67,9.03,14.14
DORCHESTER,MD,11.89,19.41,27.38
FREDERICK,MD,4.38,8.34,12.44
GARRETT,MD,6.23,16.57,27.99
HARFORD,MD,5.30,8.97,13.77
HOWARD,MD,3.95,6.65,9.37
KENT,MD,7.70,13.43,21.13
MONTGOMERY,MD,4.64,8.96,13.69
PRINCE GEORGE'S,MD,6.18,11.66,18.38
QUEEN ANNE'S,MD,3.06,5.99,10.30
ST. MARY'S,MD,6.00,9.71,14.77
SOMERSET,MD,15.92,27.31,38.77
TALBOT,MD,6.71,13.25,17.19
WASHINGTON,MD,9.52,15.81,23.83
WICOMICO,MD,9.31,17.39,26.37
WORCESTER,MD,6.41,11.88,18.10
BALTIMORE CITY,MD,16.59,25.95,35.57
ANDROSCOGGIN,ME,8.80,16.56,24.92
AROOSTOOK,ME,11.74,22.77,33.61
CUMBERLAND,ME,5.68,9.73,15.09
FRANKLIN,ME,7.90,16.80,27.02
HANCOCK,ME,7.49,12.79,23.12
KENNEBEC,ME,8.57,17.07,24.68
KNOX,ME,7.93,13.04,21.60
LINCOLN,ME,7.69,15.20,22.09
OXFORD,ME,10.66,19.62,29.66
PENOBSCOT,ME,9.76,16.54,25.45
PISCATAQUIS,ME,11.74,19.86,32.58
SAGADAHOC,ME,6.82,12.38,19.70
SOMERSET,ME,12.64,22.22,33.16
WALDO,ME,8.49,16.16,25.92
WASHINGTON,ME,12.83,22.57,33.60
YORK,ME,4.94,9.70,16.80
ALCONA,MI,11.37,19.84,31.87
ALGER,MI,8.17,16.00,26.30
ALLEGAN,MI,7.74,14.27,22.57
ALPENA,MI,10.13,19.23,30.08
ANTRIM,MI,8.52,15.98,25.98
ARENAC,MI,12.53,22.79,32.65
BARAGA,MI,11.10,20.77,32.79
BARRY,MI,5.38,11.81,20.35
BAY,MI,12.04,18.76,26.73
BENZIE,MI,4.55,11.96,20.01
BERRIEN,MI,12.40,21.30,29.70
BRANCH,MI,10.17,19.42,30.19
CALHOUN,MI,12.99,21.57,31.12
CASS,MI,8.99,14.82,24.10
CHARLEVOIX,MI,7.63,14.69,21.16
CHEBOYGAN,MI,10.52,19.72,29.04
CHIPPEWA,MI,13.28,21.89,31.82
CLARE,MI,16.53,27.32,40.37
CLINTON,MI,5.10,9.56,15.64
CRAWFORD,MI,10.60,18.26,28.08
DELTA,MI,8.89,19.22,27.17
DICKINSON,MI,8.01,15.34,24.60
EATON,MI,7.10,12.10,19.42
EMMET,MI,6.35,15.22,23.36
GENESEE,MI,15.13,23.62,32.09
GLADWIN,MI,13.06,23.01,33.11
GOGEBIC,MI,12.09,20.54,29.99
GRAND TRAVERSE,MI,6.57,12.14,20.79
GRATIOT,MI,13.83,22.49,32.29
HILLSDALE,MI,11.18,20.08,29.85
HOUGHTON,MI,8.81,18.15,28.45
HURON,MI,8.96,16.83,26.53
INGHAM,MI,11.78,18.94,27.20
IONIA,MI,9.44,16.61,26.15
IOSCO,MI,11.34,20.71,32.37
IRON,MI,7.44,17.91,27.33
ISABELLA,MI,11.76,19.71,28.66
JACKSON,MI,10.27,18.45,27.45
KALAMAZOO,MI,9.47,15.58,22.81
KALKASKA,MI,12.99,21.16,33.19
KENT,MI,8.21,15.24,23.23
KEWEENAW,MI,8.90,16.03,25.21
LAKE,MI,14.28,26.81,35.60
LAPEER,MI,7.17,14.43,21.70
LEELANAU,MI,2.54,7.53,15.28
LENAWEE,MI,8.37,15.48,23.55
LIVINGSTON,MI,3.70,6.73,11.75
LUCE,MI,10.11,17.26,31.19
MACKINAC,MI,11.43,20.13,28.67
MACOMB,MI,8.61,15.39,22.40
MANISTEE,MI,7.91,14.45,25.85
MARQUETTE,MI,8.77,15.36,22.02
MASON,MI,10.95,18.33,26.22
MECOSTA,MI,12.83,20.00,29.93
MENOMINEE,MI,9.05,15.97,26.40
MIDLAND,MI,7.26,14.22,20.79
MISSAUKEE,MI,11.24,21.17,33.08
MONROE,MI,7.23,13.16,20.71
MONTCALM,MI,12.25,20.84,31.59
MONTMORENCY,MI,11.46,20.03,33.78
MUSKEGON,MI,12.46,21.25,31.18
NEWAYGO,MI,13.17,22.22,32.11
OAKLAND,MI,5.79,9.97,15.05
OCEANA,MI,11.17,22.55,34.93
OGEMAW,MI,12.91,25.08,36.24
ONTONAGON,MI,10.05,18.82,28.99
OSCEOLA,MI,14.11,23.97,34.53
OSCODA,MI,12.35,20.33,32.08
OTSEGO,MI,9.60,18.74,27.97
OTTAWA,MI,4.69,9.57,16.31
PRESQUE ISLE,MI,9.67,15.51,24.48
ROSCOMMON,MI,13.34,20.96,33.73
SAGINAW,MI,12.65,20.82,29.63
ST. CLAIR,MI,9.56,15.78,22.92
ST. JOSEPH,MI,11.06,19.05,29.02
SANILAC,MI,10.79,20.48,31.96
SCHOOLCRAFT,MI,12.95,18.76,29.45
SHIAWASSEE,MI,8.58,15.69,23.41
TUSCOLA,MI,10.29,19.06,29.71
VAN BUREN,MI,10.34,19.98,27.81
WASHTENAW,MI,6.57,10.97,15.88
WAYNE,MI,17.84,27.07,35.81
WEXFORD,MI,11.53,22.58,32.32
AITKIN,MN,8.60,17.74,28.13
ANOKA,MN,4.20,8.52,13.92
BECKER,MN,8.30,14.36,22.10
BELTRAMI,MN,13.14,22.14,30.45
BENTON,MN,7.76,14.53,23.37
BIG STONE,MN,7.48,13.13,19.90
BLUE EARTH,MN,7.96,14.62,22.28
BROWN,MN,5.64,10.85,19.43
CARLTON,MN,6.11,12.74,20.10
CARVER,MN,2.08,4.19,7.26
CASS,MN,10.18,18.74,27.44
CHIPPEWA,MN,7.75,16.49,23.85
CHISAGO,MN,2.87,7.03,10.97
CLAY,MN,5.79,10.48,15.80
CLEARWATER,MN,12.37,21.22,32.46
COOK,MN,9.49,15.61,24.64
COTTONWOOD,MN,9.22,16.96,26.28
CROW WING,MN,7.03,14.63,21.75
DAKOTA,MN,4.27,8.05,12.83
DODGE,MN,3.71,8.88,16.47
DOUGLAS,MN,4.65,10.61,17.65
FARIBAULT,MN,8.26,14.16,22.05
FILLMORE,MN,6.26,10.92,18.59
FREEBORN,MN,8.78,16.49,24.94
GOODHUE,MN,6.27,10.58,16.20
GRANT,MN,6.66,14.39,25.03
HENNEPIN,MN,6.46,11.32,16.32
HOUSTON,MN,5.29,10.57,15.06
HUBBARD,MN,6.77,13.78,22.42
ISANTI,MN,4.58,9.40,15.72
ITASCA,MN,8.96,15.55,24.94
JACKSON,MN,4.70,13.17,21.46
KANABEC,MN,7.42,15.74,23.88
KANDIYOHI,MN,7.40,16.79,24.30
KITTSON,MN,5.23,12.74,21.77
KOOCHICHING,MN,10.10,17.04,24.37
LAC QUI PARLE,MN,6.12,12.94,23.54
LAKE,MN,4.73,9.76,18.66
LAKE OF THE WOODS,MN,6.65,13.80,20.45
LE SUEUR,MN,6.04,10.63,18.16
LINCOLN,MN,6.75,13.76,21.61
LYON,MN,10.00,16.19,23.83
MCLEOD,MN,4.87,12.50,20.16
MAHNOMEN,MN,13.84,27.12,36.56
MARSHALL,MN,4.97,10.36,18.24
MARTIN,MN,8.75,12.39,20.66
MEEKER,MN,3.65,10.77,17.45
MILLE LACS,MN,9.34,17.09,27.82
MORRISON,MN,7.28,14.24,23.56
MOWER,MN,7.23,16.21,23.60
MURRAY,MN,4.37,10.50,17.44
NICOLLET,MN,4.96,9.58,16.11
NOBLES,MN,9.98,18.12,29.09
NORMAN,MN,6.26,12.06,23.09
OLMSTED,MN,5.70,10.12,14.73
OTTER TAIL,MN,5.87,11.42,21.04
PENNINGTON,MN,6.53,12.78,20.08
PINE,MN,7.91,16.27,26.62
PIPESTONE,MN,7.75,14.79,25.22
POLK,MN,6.81,13.16,19.12
POPE,MN,4.17,9.57,16.54
RAMSEY,MN,10.13,17.14,23.75
RED LAKE,MN,5.46,11.98,19.12
REDWOOD,MN,7.88,13.84,25.72
RENVILLE,MN,6.18,11.26,19.89
RICE,MN,6.50,12.97,19.15
ROCK,MN,6.17,11.42,19.85
ROSEAU,MN,7.04,12.30,20.82
ST. LOUIS,MN,8.13,13.98,20.81
SCOTT,MN,4.23,7.05,11.36
SHERBURNE,MN,4.59,8.66,12.98
SIBLEY,MN,4.32,10.22,19.30
STEARNS,MN,7.08,13.36,20.39
STEELE,MN,6.61,12.47,18.68
STEVENS,MN,5.36,11.10,17.88
SWIFT,MN,9.76,18.57,25.24
TODD,MN,8.32,15.53,25.45
TRAVERSE,MN,10.76,15.27,23.92
WABASHA,MN,3.75,8.88,14.63
WADENA,MN,10.57,18.92,31.15
WASECA,MN,7.24,14.48,22.69
WASHINGTON,MN,3.30,6.40,10.36
WATONWAN,MN,9.46,16.53,25.63
WILKIN,MN,6.31,12.13,20.17
WINONA,MN,6.17,11.36,17.02
WRIGHT,MN,2.89,7.36,11.87
YELLOW MEDICINE,MN,10.26,15.19,23.32
ADAIR,MO,11.33,17.84,27.92
ANDREW,MO,6.01,15.26,23.93
ATCHISON,MO,6.25,13.52,25.27
AUDRAIN,MO,10.82,20.77,32.61
BARRY,MO,14.50,24.00,37.00
BARTON,MO,15.83,24.31,34.72
BATES,MO,8.43,19.17,31.02
BENTON,MO,12.08,20.77,33.54
BOLLINGER,MO,12.26,23.16,34.81
BOONE,MO,9.15,15.11,22.21
BUCHANAN,MO,12.57,20.32,29.07
BUTLER,MO,16.31,28.70,37.98
CALDWELL,MO,9.61,22.69,29.54
CALLAWAY,MO,9.62,15.26,22.83
CAMDEN,MO,11.52,17.74,24.29
CAPE GIRARDEAU,MO,8.97,15.45,23.71
CARROLL,MO,11.30,23.42,34.01
CARTER,MO,12.26,21.81,33.00
CASS,MO,7.10,11.86,19.05
CEDAR,MO,12.11,24.71,39.49
CHARITON,MO,7.53,17.55,26.99
CHRISTIAN,MO,6.81,15.41,24.18
CLARK,MO,8.32,17.20,27.85
CLAY,MO,5.34,10.72,17.08
CLINTON,MO,9.30,16.90,22.56
COLE,MO,7.96,14.48,21.12
COOPER,MO,7.40,16.92,27.65
CRAWFORD,MO,14.72,28.30,38.26
DADE,MO,14.47,25.71,39.80
DALLAS,MO,13.35,26.32,41.67
DAVIESS,MO,8.12,17.35,27.01
DEKALB,MO,10.26,18.83,28.08
DENT,MO,14.31,24.66,33.99
DOUGLAS,MO,14.83,32.44,48.95
DUNKLIN,MO,20.68,34.03,44.21
FRANKLIN,MO,7.99,14.44,23.04
GASCONADE,MO,6.56,12.98,21.91
GENTRY,MO,12.17,20.06,34.38
GREENE,MO,11.20,19.74,29.78
GRUNDY,MO,11.25,18.25,28.74
HARRISON,MO,15.12,25.43,36.48
HENRY,MO,14.37,22.16,30.43
HICKORY,MO,12.61,24.20,35.55
HOLT,MO,8.28,16.93,28.20
HOWARD,MO,9.42,20.72,29.44
HOWELL,MO,16.43,30.19,42.45
IRON,MO,16.78,25.68,43.01
JACKSON,MO,11.01,18.62,26.85
JASPER,MO,12.83,21.90,32.52
JEFFERSON,MO,7.69,13.53,20.75
JOHNSON,MO,7.65,14.77,25.68
KNOX,MO,12.92,19.38,32.80
LACLEDE,MO,11.77,24.78,35.09
LAFAYETTE,MO,8.97,17.08,27.08
LAWRENCE,MO,12.59,24.23,36.77
LEWIS,MO,8.53,16.49,25.58
LINCOLN,MO,9.57,17.78,27.19
LINN,MO,11.71,19.25,32.00
LIVINGSTON,MO,12.45,20.30,28.75
MCDONALD,MO,15.55,28.55,42.63
MACON,MO,10.91,21.98,36.29
MADISON,MO,11.09,22.27,35.56
MARIES,MO,8.51,15.44,27.46
MARION,MO,13.16,22.57,33.93
MERCER,MO,6.54,12.95,28.33
MILLER,MO,13.02,22.74,33.84
MISSISSIPPI,MO,21.98,39.32,52.45
MONITEAU,MO,8.62,14.84,27.40
MONROE,MO,9.65,21.25,28.27
MONTGOMERY,MO,12.34,24.06,33.71
MORGAN,MO,17.26,27.10,41.79
NEW MADRID,MO,19.22,32.56,44.35
NEWTON,MO,9.76,19.23,32.39
NODAWAY,MO,13.26,19.54,30.64
OREGON,MO,17.37,30.70,43.60
OSAGE,MO,2.74,9.03,18.94
OZARK,MO,18.19,32.00,42.50
PEMISCOT,MO,20.46,32.94,45.21
PERRY,MO,6.57,17.24,26.39
PETTIS,MO,12.41,22.75,35.24
PHELPS,MO,14.15,22.59,33.08
PIKE,MO,10.47,19.99,30.84
PLATTE,MO,4.49,8.61,14.04
POLK,MO,10.12,23.77,34.95
PULASKI,MO,11.24,18.68,29.07
PUTNAM,MO,14.76,27.33,36.90
RALLS,MO,8.02,13.85,20.79
RANDOLPH,MO,10.61,19.59,30.72
RAY,MO,9.29,13.46,20.02
REYNOLDS,MO,13.27,22.89,36.21
RIPLEY,MO,20.65,33.70,45.61
ST. CHARLES,MO,3.68,6.87,10.96
ST. CLAIR,MO,11.11,23.21,31.78
STE. GENEVIEVE,MO,13.00,19.75,25.90
ST. FRANCOIS,MO,11.41,19.48,31.11
ST. LOUIS,MO,6.74,11.96,18.41
SALINE,MO,9.98,21.35,31.18
SCHUYLER,MO,9.50,20.89,33.86
SCOTLAND,MO,10.69,22.97,33.17
SCOTT,MO,16.15,25.44,35.85
SHANNON,MO,21.86,32.50,44.31
SHELBY,MO,10.01,19.24,31.55
STODDARD,MO,10.14,20.84,36.07
STONE,MO,8.00,19.11,26.93
SULLIVAN,MO,10.54,22.87,36.90
TANEY,MO,12.42,23.40,35.05
TEXAS,MO,16.60,29.95,43.20
VERNON,MO,7.33,21.59,34.12
WARREN,MO,9.13,16.16,23.12
WASHINGTON,MO,16.90,27.49,45.82
WAYNE,MO,15.43,29.27,41.81
WEBSTER,MO,11.97,23.54,34.30
WORTH,MO,8.94,16.56,23.18
WRIGHT,MO,19.57,35.22,48.81
ST. LOUIS CITY,MO,18.57,29.46,38.14
ADAMS,MS,30.99,42.49,51.37
ALCORN,MS,13.88,27.64,38.99
AMITE,MS,22.27,31.04,46.29
ATTALA,MS,21.33,32.95,49.94
BENTON,MS,21.48,29.54,37.05
BOLIVAR,MS,27.89,41.01,50.74
CALHOUN,MS,18.56,29.92,39.20
CARROLL,MS,11.38,19.22,24.70
CHICKASAW,MS,18.68,31.27,45.01
CHOCTAW,MS,16.17,22.04,34.10
CLAIBORNE,MS,36.29,52.03,59.64
CLARKE,MS,15.23,24.34,35.29
CLAY,MS,19.50,33.53,44.89
COAHOMA,MS,28.09,45.01,54.28
COPIAH,MS,19.04,28.56,39.92
COVINGTON,MS,20.95,32.31,44.08
DESOTO,MS,6.46,13.29,20.56
FORREST,MS,18.16,28.08,38.79
FRANKLIN,MS,14.03,28.78,42.53
GEORGE,MS,9.43,18.61,31.79
GREENE,MS,10.57,17.54,27.63
GRENADA,MS,18.42,26.43,39.44
HANCOCK,MS,15.96,22.75,32.45
HARRISON,MS,16.53,26.92,36.32
HINDS,MS,17.03,27.32,37.01
HOLMES,MS,38.27,56.46,67.30
HUMPHREYS,MS,27.90,46.63,59.51
ISSAQUENA,MS,37.50,45.00,47.86
ITAWAMBA,MS,11.45,25.42,39.18
JACKSON,MS,11.78,18.92,28.45
JASPER,MS,19.86,31.14,42.19
JEFFERSON,MS,42.70,55.84,60.01
JEFFERSON DAVIS,MS,21.47,38.63,54.53
JONES,MS,16.64,27.79,36.26
KEMPER,MS,22.76,41.02,59.75
LAFAYETTE,MS,11.93,20.69,27.29
LAMAR,MS,11.16,17.65,26.12
LAUDERDALE,MS,16.87,29.21,39.76
LAWRENCE,MS,15.16,26.54,36.48
LEAKE,MS,19.77,35.61,47.13
LEE,MS,12.10,21.09,31.20
LEFLORE,MS,34.49,48.83,56.54
LINCOLN,MS,17.21,27.40,37.53
LOWNDES,MS,18.22,25.62,34.70
MADISON,MS,7.77,13.23,20.26
MARION,MS,23.30,37.07,49.36
MARSHALL,MS,14.21,25.48,35.03
MONROE,MS,12.52,23.24,34.69
MONTGOMERY,MS,23.45,32.87,46.82
NESHOBA,MS,19.03,31.53,43.37
NEWTON,MS,20.66,31.67,43.78
NOXUBEE,MS,27.23,35.18,49.78
OKTIBBEHA,MS,16.49,28.38,34.68
PANOLA,MS,16.34,30.34,44.50
PEARL RIVER,MS,12.89,20.57,31.38
PERRY,MS,13.61,31.40,39.66
PIKE,MS,27.76,39.02,48.37
PONTOTOC,MS,13.70,25.40,37.36
PRENTISS,MS,14.79,30.56,41.15
QUITMAN,MS,25.55,44.01,57.47
RANKIN,MS,5.53,13.72,21.83
SCOTT,MS,21.80,36.84,47.63
SHARKEY,MS,17.00,43.76,58.85
SIMPSON,MS,17.18,28.71,41.01
SMITH,MS,13.13,24.43,34.65
STONE,MS,12.68,23.24,39.08
SUNFLOWER,MS,25.75,39.71,54.62
TALLAHATCHIE,MS,25.21,39.07,53.18
TATE,MS,18.26,27.02,36.95
TIPPAH,MS,13.27,23.34,35.42
TISHOMINGO,MS,12.75,25.38,39.00
TUNICA,MS,19.70,33.94,51.31
UNION,MS,12.29,23.17,37.40
WALTHALL,MS,24.17,38.09,48.96
WARREN,MS,17.41,28.17,37.81
WASHINGTON,MS,28.06,40.11,51.84
WAYNE,MS,17.72,27.95,42.12
WEBSTER,MS,20.92,27.18,35.37
WILKINSON,MS,26.91,46.00,57.31
WINSTON,MS,18.61,32.06,44.56
YALOBUSHA,MS,11.54,24.33,35.10
YAZOO,MS,26.33,39.59,49.73
BEAVERHEAD,MT,5.58,12.51,23.15
BIG HORN,MT,22.46,34.99,48.55
BLAINE,MT,23.14,34.22,43.61
BROADWATER,MT,3.15,8.02,18.93
CARBON,MT,6.48,11.48,18.32
CARTER,MT,8.27,12.92,26.10
CASCADE,MT,8.86,16.86,27.66
CHOUTEAU,MT,14.25,24.41,35.59
CUSTER,MT,6.41,13.16,21.88
DANIELS,MT,2.52,13.18,15.89
DAWSON,MT,4.90,11.42,19.80
DEER LODGE,MT,12.38,24.25,30.73
FALLON,MT,6.78,13.19,18.00
FERGUS,MT,8.55,15.76,25.91
FLATHEAD,MT,6.75,14.78,22.67
GALLATIN,MT,5.06,10.10,17.74
GARFIELD,MT,2.84,14.83,28.08
GLACIER,MT,26.37,38.46,46.25
GOLDEN VALLEY,MT,12.04,20.83,34.72
GRANITE,MT,4.14,9.12,23.07
HILL,MT,15.08,23.45,35.05
JEFFERSON,MT,5.80,11.91,18.24
JUDITH BASIN,MT,9.03,19.59,32.88
LAKE,MT,14.66,22.73,32.23
LEWIS AND CLARK,MT,7.74,12.85,18.90
LIBERTY,MT,8.32,17.16,25.82
LINCOLN,MT,10.90,21.96,34.84
MCCONE,MT,5.97,11.09,24.52
MADISON,MT,6.26,11.66,23.72
MEAGHER,MT,5.68,15.50,27.51
MINERAL,MT,11.65,22.79,32.93
MISSOULA,MT,7.56,13.25,20.97
MUSSELSHELL,MT,11.99,24.59,32.56
PARK,MT,5.97,11.53,21.35
PETROLEUM,MT,10.00,20.00,28.18
PHILLIPS,MT,9.23,19.37,27.38
PONDERA,MT,16.29,21.96,30.36
POWDER RIVER,MT,7.79,19.67,23.16
POWELL,MT,12.44,19.57,24.46
PRAIRIE,MT,6.65,11.91,26.04
RAVALLI,MT,8.48,17.09,27.72
RICHLAND,MT,3.34,7.35,14.90
ROOSEVELT,MT,23.59,33.53,42.53
ROSEBUD,MT,11.87,19.70,27.58
SANDERS,MT,12.85,27.15,39.91
SHERIDAN,MT,5.97,11.83,21.36
SILVER BOW,MT,12.15,21.48,28.96
STILLWATER,MT,4.10,9.70,14.65
SWEET GRASS,MT,6.16,12.61,21.71
TETON,MT,6.05,15.19,24.58
TOOLE,MT,12.16,20.85,30.23
TREASURE,MT,12.69,18.08,35.00
VALLEY,MT,7.11,17.43,23.13
WHEATLAND,MT,13.59,28.19,37.32
WIBAUX,MT,11.80,27.53,38.48
YELLOWSTONE,MT,6.80,14.22,21.74
ALAMANCE,NC,12.69,22.22,32.04
ALEXANDER,NC,11.74,20.38,32.50
ALLEGHANY,NC,18.15,29.86,40.68
ANSON,NC,16.08,28.30,41.64
ASHE,NC,11.35,17.94,29.84
AVERY,NC,9.83,23.98,39.21
BEAUFORT,NC,13.64,23.09,31.86
BERTIE,NC,16.65,26.03,39.76
BLADEN,NC,20.74,33.33,46.12
BRUNSWICK,NC,8.98,14.95,23.52
BUNCOMBE,NC,7.30,15.77,24.17
BURKE,NC,13.77,23.24,34.66
CABARRUS,NC,7.74,14.19,22.96
CALDWELL,NC,13.16,23.42,35.53
CAMDEN,NC,8.52,13.75,24.37
CARTERET,NC,8.14,15.42,23.33
CASWELL,NC,13.34,19.46,29.83
CATAWBA,NC,9.49,17.75,28.45
CHATHAM,NC,8.50,15.20,22.37
CHEROKEE,NC,10.45,20.21,33.20
CHOWAN,NC,15.99,28.97,38.60
CLAY,NC,11.81,22.03,36.35
CLEVELAND,NC,16.02,26.36,37.50
COLUMBUS,NC,17.59,30.92,40.87
CRAVEN,NC,10.52,18.22,27.91
CUMBERLAND,NC,14.72,25.42,36.28
CURRITUCK,NC,6.62,13.39,20.95
DARE,NC,5.77,12.54,22.45
DAVIDSON,NC,11.74,21.78,31.42
DAVIE,NC,9.98,16.39,24.26
DUPLIN,NC,17.56,30.81,42.16
DURHAM,NC,11.91,18.79,26.05
EDGECOMBE,NC,19.29,33.45,45.39
FORSYTH,NC,12.67,21.18,29.82
FRANKLIN,NC,10.39,21.67,30.58
GASTON,NC,11.85,21.17,31.02
GATES,NC,8.48,14.66,26.53
GRAHAM,NC,14.40,25.70,42.50
GRANVILLE,NC,10.88,18.78,27.75
GREENE,NC,17.67,26.45,38.45
GUILFORD,NC,11.91,20.44,29.60
HALIFAX,NC,19.95,34.25,46.25
HARNETT,NC,12.82,22.43,33.20
HAYWOOD,NC,10.32,18.78,27.69
HENDERSON,NC,7.10,13.73,23.09
HERTFORD,NC,19.68,30.76,41.41
HOKE,NC,16.91,26.00,38.80
HYDE,NC,24.15,27.63,41.69
IREDELL,NC,9.05,15.62,24.57
JACKSON,NC,12.14,19.67,28.95
JOHNSTON,NC,9.64,19.49,28.50
JONES,NC,18.79,28.42,41.66
LEE,NC,11.84,24.07,33.57
LENOIR,NC,18.60,29.63,40.25
LINCOLN,NC,11.29,18.21,29.34
MCDOWELL,NC,13.12,22.77,36.78
MACON,NC,11.75,19.54,28.41
MADISON,NC,10.84,19.71,28.50
MARTIN,NC,13.02,25.95,35.05
MECKLENBURG,NC,9.32,16.24,23.51
MITCHELL,NC,9.31,19.16,27.35
MONTGOMERY,NC,14.47,25.11,36.05
MOORE,NC,8.14,15.37,22.31
NASH,NC,11.54,20.04,27.63
NEW HANOVER,NC,10.35,17.35,25.04
NORTHAMPTON,NC,17.42,31.86,44.04
ONSLOW,NC,10.92,22.02,35.26
ORANGE,NC,5.01,10.53,17.82
PAMLICO,NC,8.80,20.46,30.11
PASQUOTANK,NC,11.41,21.24,30.11
PENDER,NC,9.86,16.27,24.33
PERQUIMANS,NC,11.12,25.43,33.33
PERSON,NC,12.89,21.74,29.86
PITT,NC,14.98,23.29,32.89
POLK,NC,6.89,14.46,25.53
RANDOLPH,NC,11.28,21.72,32.48
RICHMOND,NC,19.80,32.32,43.06
ROBESON,NC,22.71,36.24,48.33
ROCKINGHAM,NC,14.25,23.29,34.01
ROWAN,NC,12.27,21.09,31.25
RUTHERFORD,NC,13.27,23.66,33.86
SAMPSON,NC,17.61,29.72,39.08
SCOTLAND,NC,24.46,33.66,44.73
STANLY,NC,10.14,18.38,30.28
STOKES,NC,11.45,18.69,27.86
SURRY,NC,11.38,23.93,34.79
SWAIN,NC,12.12,24.89,39.78
TRANSYLVANIA,NC,10.86,20.55,31.00
TYRRELL,NC,18.59,26.40,39.79
UNION,NC,6.45,12.16,18.90
VANCE,NC,17.99,30.75,41.05
WAKE,NC,6.49,11.74,17.55
WARREN,NC,12.52,23.74,35.72
WASHINGTON,NC,18.35,27.94,39.72
WATAUGA,NC,10.05,16.82,23.67
WAYNE,NC,16.96,27.14,38.11
WILKES,NC,15.45,25.13,35.05
WILSON,NC,16.34,26.49,35.19
YADKIN,NC,11.93,24.27,35.95
YANCEY,NC,14.83,24.25,37.65
ADAMS,ND,5.02,10.49,19.05
BARNES,ND,6.36,10.29,14.61
BENSON,ND,24.86,35.30,45.00
BILLINGS,ND,6.16,9.06,12.68
BOTTINEAU,ND,6.19,10.21,18.31
BOWMAN,ND,3.59,4.83,7.97
BURKE,ND,4.91,11.82,15.64
BURLEIGH,ND,4.76,8.75,13.05
CASS,ND,5.96,10.46,16.66
CAVALIER,ND,4.70,8.47,14.29
DICKEY,ND,4.32,11.97,18.06
DIVIDE,ND,7.10,13.02,14.94
DUNN,ND,6.71,9.31,18.53
EDDY,ND,10.68,20.72,23.70
EMMONS,ND,6.07,13.48,22.33
FOSTER,ND,5.27,10.65,17.56
GOLDEN VALLEY,ND,3.00,11.37,22.75
GRAND FORKS,ND,8.96,16.43,22.98
GRANT,ND,9.09,15.56,23.88
GRIGGS,ND,2.95,11.80,21.58
HETTINGER,ND,6.58,12.59,23.89
KIDDER,ND,10.57,18.41,31.20
LAMOURE,ND,9.26,15.22,19.46
LOGAN,ND,6.06,12.48,18.35
MCHENRY,ND,7.04,12.23,19.55
MCINTOSH,ND,5.49,12.72,19.83
MCKENZIE,ND,8.19,14.51,16.87
MCLEAN,ND,5.03,11.83,16.93
MERCER,ND,5.91,10.60,13.45
MORTON,ND,5.00,9.33,14.98
MOUNTRAIL,ND,5.95,11.47,18.70
NELSON,ND,7.10,12.85,19.71
OLIVER,ND,5.51,9.41,15.81
PEMBINA,ND,4.11,9.71,17.20
PIERCE,ND,14.14,18.98,30.75
RAMSEY,ND,6.14,9.53,15.53
RANSOM,ND,1.62,9.53,18.32
RENVILLE,ND,2.25,7.80,12.29
RICHLAND,ND,4.98,10.27,18.31
ROLETTE,ND,23.83,33.78,45.68
SARGENT,ND,2.28,6.16,10.97
SHERIDAN,ND,10.17,19.85,28.09
SIOUX,ND,30.49,43.54,52.80
SLOPE,ND,3.23,6.91,16.13
STARK,ND,5.68,9.92,14.35
STEELE,ND,3.28,7.10,10.56
STUTSMAN,ND,7.94,12.77,20.74
TOWNER,ND,8.29,15.21,23.20
TRAILL,ND,3.60,8.14,15.30
WALSH,ND,5.56,13.89,23.25
WARD,ND,4.86,9.30,15.78
WELLS,ND,2.79,7.96,14.78
WILLIAMS,ND,4.40,9.76,15.25
ADAMS,NE,7.70,15.68,23.57
ANTELOPE,NE,8.83,16.82,28.71
ARTHUR,NE,1.89,10.38,18.87
BANNER,NE,5.24,14.41,21.40
BLAINE,NE,7.28,13.25,18.54
BOONE,NE,3.51,11.90,19.71
BOX BUTTE,NE,7.05,13.00,23.67
BOYD,NE,6.59,14.63,22.99
BROWN,NE,11.17,26.21,31.31
BUFFALO,NE,8.38,15.80,22.49
BURT,NE,8.58,15.39,24.34
BUTLER,NE,7.03,13.87,20.54
CASS,NE,3.83,8.74,15.43
CEDAR,NE,4.56,9.66,17.16
CHASE,NE,4.76,12.08,16.67
CHERRY,NE,5.89,15.51,24.29
CHEYENNE,NE,7.14,13.96,19.58
CLAY,NE,6.98,16.43,25.53
COLFAX,NE,8.14,19.66,31.50
CUMING,NE,3.79,10.94,20.84
CUSTER,NE,7.93,17.27,29.47
DAKOTA,NE,13.87,21.60,33.50
DAWES,NE,12.91,16.95,23.40
DAWSON,NE,10.83,18.67,30.19
DEUEL,NE,6.33,15.01,22.42
DIXON,NE,8.47,13.37,22.54
DODGE,NE,8.47,15.20,25.44
DOUGLAS,NE,8.65,15.09,22.17
DUNDY,NE,6.03,23.35,40.11
FILLMORE,NE,8.97,14.06,23.03
FRANKLIN,NE,10.86,15.43,24.91
FRONTIER,NE,7.44,15.87,23.17
FURNAS,NE,7.15,14.98,22.73
GAGE,NE,5.18,10.78,21.69
GARDEN,NE,5.59,13.87,21.19
GARFIELD,NE,3.70,12.79,22.73
GOSPER,NE,3.26,5.66,14.75
GRANT,NE,10.61,22.73,35.35
GREELEY,NE,6.24,12.04,23.63
HALL,NE,10.65,20.46,28.97
HAMILTON,NE,3.79,8.66,15.38
HARLAN,NE,6.60,14.70,27.16
HAYES,NE,7.46,20.15,32.46
HITCHCOCK,NE,10.32,20.64,31.94
HOLT,NE,4.07,10.97,22.46
HOOKER,NE,9.55,10.67,19.10
HOWARD,NE,7.55,12.84,21.98
JEFFERSON,NE,6.27,17.55,33.96
JOHNSON,NE,7.17,14.18,25.62
KEARNEY,NE,6.17,13.06,18.32
KEITH,NE,7.91,15.52,23.56
KEYA PAHA,NE,3.07,11.40,21.93
KIMBALL,NE,6.47,20.83,30.43
KNOX,NE,7.00,13.40,24.63
LANCASTER,NE,8.07,14.06,20.75
LINCOLN,NE,8.70,14.58,22.79
LOGAN,NE,3.49,12.23,24.45
LOUP,NE,4.06,17.77,22.84
MCPHERSON,NE,12.23,16.55,23.02
MADISON,NE,10.60,15.97,24.68
MERRICK,NE,5.62,14.20,22.18
MORRILL,NE,4.26,14.87,28.40
NANCE,NE,6.53,13.78,23.98
NEMAHA,NE,8.55,13.90,25.17
NUCKOLLS,NE,5.67,13.82,25.84
OTOE,NE,8.01,13.09,23.26
PAWNEE,NE,11.37,19.87,28.76
PERKINS,NE,3.41,5.53,16.59
PHELPS,NE,4.75,10.73,17.28
PIERCE,NE,5.06,12.02,19.95
PLATTE,NE,6.12,11.63,19.62
POLK,NE,4.63,11.88,20.51
RED WILLOW,NE,7.24,15.75,24.97
RICHARDSON,NE,7.38,16.15,27.16
ROCK,NE,4.47,12.16,18.36
SALINE,NE,10.19,24.66,32.40
SARPY,NE,3.60,7.47,14.19
SAUNDERS,NE,5.36,8.87,15.62
SCOTTS BLUFF,NE,9.59,19.68,28.81
SEWARD,NE,4.06,11.19,17.80
SHERIDAN,NE,8.24,17.13,29.96
SHERMAN,NE,9.13,12.18,20.37
SIOUX,NE,10.05,19.33,27.84
STANTON,NE,8.20,14.94,21.56
THAYER,NE,6.38,12.90,21.91
THOMAS,NE,8.06,12.90,29.57
THURSTON,NE,21.70,33.91,44.51
VALLEY,NE,7.03,12.45,23.20
WASHINGTON,NE,6.26,10.17,15.55
WAYNE,NE,7.41,14.70,20.65
WEBSTER,NE,8.65,18.27,30.88
WHEELER,NE,7.26,21.37,25.64
YORK,NE,7.39,11.27,17.00
BELKNAP,NH,5.50,10.01,15.70
CARROLL,NH,4.82,11.72,19.90
CHESHIRE,NH,5.26,10.74,16.52
COOS,NH,8.35,15.06,25.71
GRAFTON,NH,6.38,12.68,19.62
HILLSBOROUGH,NH,5.43,9.43,14.91
MERRIMACK,NH,4.63,8.44,14.27
ROCKINGHAM,NH,3.02,5.73,9.16
STRAFFORD,NH,5.40,10.46,15.15
SULLIVAN,NH,6.90,13.01,18.46
ATLANTIC,NJ,10.88,18.18,26.01
BERGEN,NJ,5.43,9.49,13.99
BURLINGTON,NJ,4.38,8.05,12.75
CAMDEN,NJ,9.47,16.10,23.13
CAPE MAY,NJ,7.99,13.59,19.39
CUMBERLAND,NJ,12.95,23.13,33.19
ESSEX,NJ,13.46,21.75,29.20
GLOUCESTER,NJ,4.84,8.22,12.83
HUDSON,NJ,13.04,21.87,30.58
HUNTERDON,NJ,3.26,5.33,7.73
MERCER,NJ,8.03,13.18,19.40
MIDDLESEX,NJ,6.19,10.75,15.97
MONMOUTH,NJ,5.12,8.98,13.05
MORRIS,NJ,2.83,5.40,8.25
OCEAN,NJ,7.13,12.46,18.64
PASSAIC,NJ,13.56,21.45,28.44
SALEM,NJ,9.20,16.26,21.98
SOMERSET,NJ,3.11,5.62,8.71
SUSSEX,NJ,3.13,6.14,11.47
UNION,NJ,7.34,14.56,21.37
WARREN,NJ,5.33,9.72,15.37
BERNALILLO,NM,12.95,21.89,29.81
CATRON,NM,7.26,17.91,24.72
CHAVES,NM,16.25,30.48,41.92
CIBOLA,NM,22.32,35.02,48.17
COLFAX,NM,17.46,28.48,40.20
CURRY,NM,17.34,28.97,40.81
DE BACA,NM,3.67,23.45,42.66
DONA ANA,NM,22.39,34.61,44.61
EDDY,NM,12.13,20.13,27.92
GRANT,NM,15.52,23.25,36.01
GUADALUPE,NM,11.90,22.06,38.03
HARDING,NM,10.28,22.43,37.38
HIDALGO,NM,23.20,34.68,38.00
LEA,NM,13.56,23.08,30.02
LINCOLN,NM,10.27,21.36,29.89
LOS ALAMOS,NM,3.51,4.49,7.18
LUNA,NM,27.54,40.01,54.00
MCKINLEY,NM,30.90,44.89,56.45
MORA,NM,15.26,43.93,59.08
OTERO,NM,16.36,25.68,36.62
QUAY,NM,16.40,27.40,48.22
RIO ARRIBA,NM,,,
ROOSEVELT,NM,21.29,30.97,40.82
SANDOVAL,NM,10.35,17.00,25.41
SAN JUAN,NM,16.74,26.72,36.78
SAN MIGUEL,NM,18.42,31.32,45.92
SANTA FE,NM,8.58,17.46,25.64
SIERRA,NM,18.54,27.09,41.00
SOCORRO,NM,17.15,32.63,46.43
TAOS,NM,14.04,27.83,37.88
TORRANCE,NM,17.84,29.63,38.39
UNION,NM,12.17,24.22,41.99
VALENCIA,NM,15.95,27.26,38.46
CHURCHILL,NV,8.54,16.05,26.55
CLARK,NV,10.50,18.98,28.27
DOUGLAS,NV,6.50,12.34,18.70
ELKO,NV,8.94,13.14,18.99
ESMERALDA,NV,5.74,37.32,39.23
EUREKA,NV,1.90,3.62,4.76
HUMBOLDT,NV,6.81,13.25,22.16
LANDER,NV,12.35,18.55,20.88
LINCOLN,NV,4.47,13.03,23.98
LYON,NV,6.82,16.96,25.27
MINERAL,NV,17.48,27.21,32.88
NYE,NV,12.14,20.71,30.30
PERSHING,NV,11.77,14.88,29.83
STOREY,NV,6.24,8.25,14.49
WASHOE,NV,7.69,15.70,22.81
WHITE PINE,NV,7.45,14.00,23.43
CARSON CITY,NV,9.79,19.79,29.29
ALBANY,NY,7.00,12.15,17.76
ALLEGANY,NY,11.86,20.59,30.94
BRONX,NY,26.05,38.49,49.08
BROOME,NY,10.66,17.94,25.70
CATTARAUGUS,NY,10.89,20.25,30.07
CAYUGA,NY,8.24,15.67,24.23
CHAUTAUQUA,NY,13.29,22.05,30.50
CHEMUNG,NY,10.83,17.49,26.82
CHENANGO,NY,9.80,18.42,28.75
CLINTON,NY,10.19,16.69,23.73
COLUMBIA,NY,6.93,14.22,20.02
CORTLAND,NY,8.34,14.40,23.47
DELAWARE,NY,11.86,18.66,26.32
DUTCHESS,NY,6.10,10.79,16.48
ERIE,NY,10.19,16.32,23.32
ESSEX,NY,5.87,13.01,23.29
FRANKLIN,NY,13.06,20.34,28.91
FULTON,NY,10.86,19.12,30.53
GENESEE,NY,7.73,12.28,19.00
GREENE,NY,8.97,15.32,24.06
HAMILTON,NY,4.26,13.05,20.11
HERKIMER,NY,9.54,17.76,25.93
JEFFERSON,NY,9.86,18.87,28.88
KINGS,NY,17.08,27.41,36.06
LEWIS,NY,10.33,18.18,27.96
LIVINGSTON,NY,8.13,14.09,20.48
MADISON,NY,6.73,13.56,20.69
MONROE,NY,10.41,16.52,23.25
MONTGOMERY,NY,15.28,24.86,35.74
NASSAU,NY,4.03,7.18,11.20
NEW YORK,NY,12.68,20.14,25.90
NIAGARA,NY,9.83,16.58,23.31
ONEIDA,NY,12.06,19.47,27.34
ONONDAGA,NY,9.90,15.85,22.70
ONTARIO,NY,6.64,11.70,18.45
ORANGE,NY,8.46,14.24,20.28
ORLEANS,NY,11.41,21.57,30.87
OSWEGO,NY,12.86,19.08,27.85
OTSEGO,NY,8.75,17.63,25.26
PUTNAM,NY,2.80,5.70,8.73
QUEENS,NY,10.53,19.83,28.96
RENSSELAER,NY,8.13,13.34,19.68
RICHMOND,NY,10.56,15.77,21.03
ROCKLAND,NY,9.92,15.64,21.35
ST. LAWRENCE,NY,12.58,20.96,29.89
SARATOGA,NY,4.01,7.89,12.67
SCHENECTADY,NY,7.11,12.52,18.33
SCHOHARIE,NY,8.77,15.80,21.86
SCHUYLER,NY,8.08,16.14,25.43
SENECA,NY,7.38,14.19,22.50
STEUBEN,NY,9.39,18.21,28.62
SUFFOLK,NY,4.72,8.33,12.95
SULLIVAN,NY,10.58,18.41,25.49
TIOGA,NY,7.12,14.96,21.91
TOMPKINS,NY,8.27,13.06,19.33
ULSTER,NY,7.98,14.03,20.34
WARREN,NY,6.97,12.09,19.93
WASHINGTON,NY,8.06,16.56,25.14
WAYNE,NY,8.21,14.96,22.61
WESTCHESTER,NY,6.19,11.51,16.31
WYOMING,NY,7.43,13.93,21.36
YATES,NY,7.91,15.68,24.94
ADAMS,OH,16.58,29.34,41.95
ALLEN,OH,10.45,18.77,26.56
ASHLAND,OH,7.96,15.01,23.82
ASHTABULA,OH,14.25,23.12,32.42
ATHENS,OH,17.39,25.98,33.38
AUGLAIZE,OH,6.86,12.20,19.20
BELMONT,OH,8.98,16.30,25.33
BROWN,OH,12.11,19.32,28.79
BUTLER,OH,8.33,14.07,20.64
CARROLL,OH,9.91,16.70,26.65
CHAMPAIGN,OH,8.58,15.63,23.36
CLARK,OH,11.43,20.17,29.48
CLERMONT,OH,6.61,12.35,18.80
CLINTON,OH,10.11,18.87,28.58
COLUMBIANA,OH,10.47,19.80,29.81
COSHOCTON,OH,10.77,21.09,33.38
CRAWFORD,OH,10.47,19.32,31.46
CUYAHOGA,OH,13.72,21.39,29.41
DARKE,OH,6.45,15.71,25.94
DEFIANCE,OH,7.86,12.93,19.66
DELAWARE,OH,3.04,5.08,8.39
ERIE,OH,8.77,15.14,21.35
FAIRFIELD,OH,6.98,13.36,20.86
FAYETTE,OH,12.82,21.43,31.82
FRANKLIN,OH,11.72,18.82,26.35
FULTON,OH,6.89,14.13,23.32
GALLIA,OH,17.11,24.04,31.49
GEAUGA,OH,4.02,8.31,14.03
GREENE,OH,8.51,13.45,18.98
GUERNSEY,OH,15.98,23.42,33.40
HAMILTON,OH,11.50,18.16,25.08
HANCOCK,OH,7.60,12.83,21.14
HARDIN,OH,12.47,20.54,28.02
HARRISON,OH,11.07,18.55,26.32
HENRY,OH,6.84,12.62,20.39
HIGHLAND,OH,15.53,24.59,33.13
HOCKING,OH,9.69,19.20,28.49
HOLMES,OH,8.44,15.41,26.29
HURON,OH,10.23,18.87,27.65
JACKSON,OH,15.39,25.05,37.16
JEFFERSON,OH,12.59,20.69,29.61
KNOX,OH,9.76,15.58,24.06
LAKE,OH,5.35,10.17,17.00
LAWRENCE,OH,14.86,24.23,33.84
LICKING,OH,7.78,13.81,21.00
LOGAN,OH,9.71,15.81,24.38
LORAIN,OH,10.09,16.26,22.99
LUCAS,OH,14.51,23.04,31.36
MADISON,OH,7.05,12.74,19.04
MAHONING,OH,13.66,21.82,30.63
MARION,OH,11.47,20.23,30.70
MEDINA,OH,4.53,7.40,12.64
MEIGS,OH,16.83,25.00,34.21
MERCER,OH,4.09,13.07,19.64
MIAMI,OH,6.41,13.00,19.89
MONROE,OH,12.53,23.36,32.66
MONTGOMERY,OH,13.44,20.94,29.32
MORGAN,OH,15.77,28.36,38.37
MORROW,OH,7.13,14.32,22.75
MUSKINGUM,OH,12.52,22.23,31.78
NOBLE,OH,8.96,14.17,24.53
OTTAWA,OH,6.78,12.48,20.46
PAULDING,OH,7.60,13.55,23.27
PERRY,OH,14.62,21.52,33.36
PICKAWAY,OH,8.86,14.79,22.84
PIKE,OH,14.11,25.27,35.85
PORTAGE,OH,8.52,14.15,22.05
PREBLE,OH,8.72,14.71,23.45
PUTNAM,OH,5.30,9.69,16.58
RICHLAND,OH,10.09,20.30,29.81
ROSS,OH,12.82,21.96,30.44
SANDUSKY,OH,10.17,16.56,24.31
SCIOTO,OH,17.81,28.00,36.80
SENECA,OH,10.50,18.67,27.66
SHELBY,OH,7.03,13.92,21.57
STARK,OH,10.01,16.61,25.19
SUMMIT,OH,9.37,16.15,23.58
TRUMBULL,OH,13.34,20.97,29.47
TUSCARAWAS,OH,9.87,16.80,27.07
UNION,OH,4.52,9.41,14.26
VAN WERT,OH,7.14,13.87,24.43
VINTON,OH,14.24,26.95,35.63
WARREN,OH,3.43,7.00,11.81
WASHINGTON,OH,11.19,18.54,26.87
WAYNE,OH,8.87,15.12,24.60
WILLIAMS,OH,9.25,16.05,26.34
WOOD,OH,6.03,11.94,18.41
WYANDOT,OH,5.73,15.90,24.38
ADAIR,OK,23.24,36.41,49.39
ALFALFA,OK,5.44,10.68,19.82
ATOKA,OK,16.02,28.23,40.27
BEAVER,OK,9.22,17.97,30.15
BECKHAM,OK,7.80,20.12,29.33
BLAINE,OK,8.54,24.64,30.38
BRYAN,OK,11.17,24.58,35.99
CADDO,OK,16.04,25.30,36.58
CANADIAN,OK,5.73,11.58,18.20
CARTER,OK,12.44,21.34,31.26
CHEROKEE,OK,13.54,25.21,36.73
CHOCTAW,OK,22.79,34.99,42.88
CIMARRON,OK,12.02,23.37,35.06
CLEVELAND,OK,7.37,13.53,21.33
COAL,OK,18.94,26.63,35.35
COMANCHE,OK,11.47,22.42,30.86
COTTON,OK,12.91,22.74,33.25
CRAIG,OK,13.77,27.06,38.51
CREEK,OK,12.23,20.52,31.72
CUSTER,OK,11.34,25.34,34.53
DELAWARE,OK,13.98,26.19,38.13
DEWEY,OK,11.71,21.06,28.31
ELLIS,OK,10.17,19.67,27.91
GARFIELD,OK,11.09,20.28,28.58
GARVIN,OK,10.58,20.87,32.62
GRADY,OK,8.27,16.27,24.89
GRANT,OK,6.58,15.24,23.98
GREER,OK,14.72,28.24,40.97
HARMON,OK,11.65,23.17,36.80
HARPER,OK,9.88,18.41,28.06
HASKELL,OK,14.46,28.35,40.22
HUGHES,OK,13.83,25.46,35.28
JACKSON,OK,14.04,25.36,37.22
JEFFERSON,OK,17.44,31.53,45.82
JOHNSTON,OK,14.08,24.09,35.85
KAY,OK,13.18,22.14,32.15
KINGFISHER,OK,9.02,16.82,24.89
KIOWA,OK,17.46,26.00,39.04
LATIMER,OK,15.60,27.84,37.35
LE FLORE,OK,17.28,28.68,40.68
LINCOLN,OK,10.01,19.88,29.29
LOGAN,OK,8.93,16.58,22.91
LOVE,OK,9.09,19.02,28.33
MCCLAIN,OK,6.80,13.18,20.32
MCCURTAIN,OK,18.56,32.95,45.28
MCINTOSH,OK,16.05,27.30,38.09
MAJOR,OK,8.25,13.35,24.42
MARSHALL,OK,11.83,23.55,35.68
MAYES,OK,13.55,23.15,32.93
MURRAY,OK,9.26,18.48,26.33
MUSKOGEE,OK,15.91,26.18,36.52
NOBLE,OK,7.70,14.03,25.87
NOWATA,OK,13.05,21.87,36.62
OKFUSKEE,OK,17.80,30.66,43.20
OKLAHOMA,OK,12.47,21.07,29.69
OKMULGEE,OK,16.43,28.92,38.03
OSAGE,OK,11.60,20.62,30.06
OTTAWA,OK,16.04,28.14,40.92
PAWNEE,OK,11.49,21.74,33.92
PAYNE,OK,13.04,21.04,31.25
PITTSBURG,OK,12.46,21.78,33.12
PONTOTOC,OK,10.59,18.81,29.32
POTTAWATOMIE,OK,11.94,21.24,33.22
PUSHMATAHA,OK,13.72,26.22,38.92
ROGER MILLS,OK,16.31,23.67,32.16
ROGERS,OK,7.26,13.67,21.60
SEMINOLE,OK,15.48,27.93,41.41
SEQUOYAH,OK,18.78,31.58,44.33
STEPHENS,OK,11.32,21.13,31.48
TEXAS,OK,12.08,23.29,31.66
TILLMAN,OK,16.92,28.52,39.57
TULSA,OK,11.44,19.41,27.59
WAGONER,OK,7.68,14.61,23.56
WASHINGTON,OK,10.75,19.62,29.10
WASHITA,OK,10.85,18.23,26.60
WOODS,OK,8.44,14.45,22.61
WOODWARD,OK,8.60,16.69,24.70
BAKER,OR,10.86,18.01,29.50
BENTON,OR,7.50,13.68,19.85
CLACKAMAS,OR,5.67,9.45,15.23
CLATSOP,OR,5.64,14.73,23.83
COLUMBIA,OR,7.49,14.36,22.20
COOS,OR,12.61,21.98,31.27
CROOK,OR,10.15,18.93,33.22
CURRY,OR,9.10,15.98,28.05
DESCHUTES,OR,7.32,13.60,20.23
DOUGLAS,OR,11.33,20.60,31.66
GILLIAM,OR,3.44,14.12,31.11
GRANT,OR,7.59,17.66,26.69
HARNEY,OR,11.93,22.13,35.24
HOOD RIVER,OR,4.48,14.53,23.77
JACKSON,OR,11.53,19.66,29.41
JEFFERSON,OR,11.31,19.26,29.22
JOSEPHINE,OR,12.96,25.19,34.47
KLAMATH,OR,14.04,24.45,35.97
LAKE,OR,15.33,28.30,40.80
LANE,OR,10.29,18.13,26.72
LINCOLN,OR,11.20,19.83,30.74
LINN,OR,10.45,19.28,27.99
MALHEUR,OR,17.12,28.10,39.38
MARION,OR,10.75,20.40,29.36
MORROW,OR,11.07,20.53,32.59
MULTNOMAH,OR,9.51,16.00,22.77
POLK,OR,9.02,16.13,25.29
SHERMAN,OR,7.83,14.77,26.40
TILLAMOOK,OR,8.82,17.43,28.92
UMATILLA,OR,13.82,23.53,33.68
UNION,OR,10.49,21.76,29.87
WALLOWA,OR,11.51,19.84,27.89
WASCO,OR,9.90,18.34,28.92
WASHINGTON,OR,6.43,11.54,17.26
WHEELER,OR,12.11,24.48,35.57
YAMHILL,OR,10.62,16.77,24.42
ADAMS,PA,5.75,10.47,17.69
ALLEGHENY,PA,7.90,13.24,19.33
ARMSTRONG,PA,8.60,16.16,25.26
BEAVER,PA,7.62,13.58,21.03
BEDFORD,PA,8.72,17.00,26.54
BERKS,PA,9.09,15.87,22.99
BLAIR,PA,10.62,17.99,26.65
BRADFORD,PA,8.04,16.83,26.41
BUCKS,PA,3.99,7.18,11.51
BUTLER,PA,5.45,9.41,15.00
CAMBRIA,PA,10.43,17.06,25.78
CAMERON,PA,9.36,17.49,30.76
CARBON,PA,8.43,14.62,23.40
CENTRE,PA,5.45,10.51,17.13
CHESTER,PA,3.99,7.30,10.97
CLARION,PA,9.86,17.39,27.25
CLEARFIELD,PA,10.12,18.85,28.30
CLINTON,PA,10.31,16.03,25.20
COLUMBIA,PA,7.90,14.81,24.83
CRAWFORD,PA,10.18,18.25,27.27
CUMBERLAND,PA,4.43,9.23,15.78
DAUPHIN,PA,9.06,15.66,23.07
DELAWARE,PA,7.10,12.53,18.62
ELK,PA,6.98,12.90,22.32
ERIE,PA,11.03,18.87,27.79
FAYETTE,PA,13.06,21.62,30.79
FOREST,PA,7.57,14.09,24.19
FRANKLIN,PA,7.46,13.56,21.19
FULTON,PA,8.54,16.58,27.46
GREENE,PA,10.43,17.03,25.36
HUNTINGDON,PA,9.47,17.65,27.68
INDIANA,PA,8.18,17.70,25.25
JEFFERSON,PA,10.06,18.31,28.13
JUNIATA,PA,6.95,15.51,25.23
LACKAWANNA,PA,10.68,17.51,25.93
LANCASTER,PA,6.40,12.41,20.37
LAWRENCE,PA,10.47,19.39,27.61
LEBANON,PA,8.32,14.77,24.04
LEHIGH,PA,9.26,16.19,23.62
LUZERNE,PA,11.00,18.24,26.59
LYCOMING,PA,9.61,15.87,25.83
MCKEAN,PA,11.72,20.20,28.35
MERCER,PA,10.71,16.94,25.81
MIFFLIN,PA,9.92,19.09,29.70
MONROE,PA,8.39,14.16,21.14
MONTGOMERY,PA,4.14,7.49,11.83
MONTOUR,PA,6.60,14.45,20.99
NORTHAMPTON,PA,6.44,11.85,18.18
NORTHUMBERLAND,PA,9.39,18.69,28.27
PERRY,PA,4.83,11.40,18.81
PHILADELPHIA,PA,19.64,29.64,39.59
PIKE,PA,8.29,13.33,21.27
POTTER,PA,9.42,20.00,29.21
SCHUYLKILL,PA,9.31,16.91,27.17
SNYDER,PA,7.70,16.03,24.05
SOMERSET,PA,8.91,17.13,26.90
SULLIVAN,PA,6.26,14.57,26.84
SUSQUEHANNA,PA,8.40,15.91,25.78
TIOGA,PA,9.22,17.74,27.99
UNION,PA,7.99,13.11,23.75
VENANGO,PA,9.78,17.74,27.72
WARREN,PA,9.03,16.64,27.14
WASHINGTON,PA,6.39,12.05,18.71
WAYNE,PA,6.85,13.36,20.68
WESTMORELAND,PA,6.74,11.94,18.66
WYOMING,PA,7.53,14.00,22.64
YORK,PA,6.99,12.96,19.88
BRISTOL,RI,5.70,10.05,15.06
KENT,RI,4.83,9.66,14.67
NEWPORT,RI,5.60,9.02,13.75
PROVIDENCE,RI,12.22,19.66,28.21
WASHINGTON,RI,5.17,8.69,12.31
ABBEVILLE,SC,16.82,25.95,36.44
AIKEN,SC,12.89,22.21,31.55
ALLENDALE,SC,20.91,39.31,53.10
ANDERSON,SC,11.57,20.92,30.28
BAMBERG,SC,18.28,30.80,42.95
BARNWELL,SC,20.65,29.25,40.66
BEAUFORT,SC,7.09,13.07,20.64
BERKELEY,SC,8.98,16.34,25.64
CALHOUN,SC,11.07,18.71,25.51
CHARLESTON,SC,9.53,15.79,22.26
CHEROKEE,SC,14.93,25.16,37.24
CHESTER,SC,16.39,24.85,37.62
CHESTERFIELD,SC,17.39,29.95,40.75
CLARENDON,SC,18.30,29.89,40.86
COLLETON,SC,16.73,31.59,41.64
DARLINGTON,SC,17.32,27.82,40.77
DILLON,SC,28.53,39.93,53.79
DORCHESTER,SC,8.81,14.76,23.11
EDGEFIELD,SC,12.22,22.55,30.58
FAIRFIELD,SC,17.29,29.01,41.73
FLORENCE,SC,14.80,24.99,34.21
GEORGETOWN,SC,12.77,21.24,29.80
GREENVILLE,SC,8.87,16.37,25.08
GREENWOOD,SC,17.10,26.59,36.13
HAMPTON,SC,15.00,30.81,45.02
HORRY,SC,11.72,19.69,29.16
JASPER,SC,15.01,30.05,42.06
KERSHAW,SC,12.43,20.67,32.35
LANCASTER,SC,10.89,17.08,25.29
LAURENS,SC,15.53,26.65,38.25
LEE,SC,17.37,33.81,45.98
LEXINGTON,SC,9.38,16.02,23.91
MCCORMICK,SC,13.48,22.74,34.32
MARION,SC,18.22,30.53,45.04
MARLBORO,SC,22.85,35.10,44.44
NEWBERRY,SC,13.29,24.83,33.76
OCONEE,SC,12.68,20.33,30.00
ORANGEBURG,SC,19.09,30.32,40.71
PICKENS,SC,9.27,17.55,27.82
RICHLAND,SC,11.38,20.17,28.26
SALUDA,SC,11.93,24.68,38.39
SPARTANBURG,SC,10.87,20.72,30.22
SUMTER,SC,16.15,26.69,38.81
UNION,SC,17.87,26.20,39.88
WILLIAMSBURG,SC,19.24,30.65,46.30
YORK,SC,8.58,14.96,23.01
AURORA,SD,5.61,11.78,20.34
BEADLE,SD,12.92,19.53,24.15
BENNETT,SD,21.84,28.23,39.95
BON HOMME,SD,4.92,13.50,22.41
BROOKINGS,SD,5.65,9.78,15.57
BROWN,SD,8.00,14.03,20.10
BRULE,SD,9.76,17.61,33.04
BUFFALO,SD,36.00,52.24,65.41
BUTTE,SD,7.25,18.18,33.89
CAMPBELL,SD,3.03,8.84,21.72
CHARLES MIX,SD,11.95,22.58,33.94
CLARK,SD,7.66,16.61,28.05
CLAY,SD,11.90,16.61,24.47
CODINGTON,SD,7.76,12.60,21.14
CORSON,SD,33.07,47.65,52.01
CUSTER,SD,10.32,15.13,22.33
DAVISON,SD,6.67,14.73,24.95
DAY,SD,16.52,23.71,31.22
DEUEL,SD,5.44,11.61,21.19
DEWEY,SD,24.96,38.07,49.15
DOUGLAS,SD,4.17,10.09,22.48
EDMUNDS,SD,3.23,9.77,17.74
FALL RIVER,SD,9.96,17.69,27.49
FAULK,SD,0.37,7.45,16.76
GRANT,SD,3.18,6.79,13.24
GREGORY,SD,9.88,20.19,30.86
HAAKON,SD,12.19,26.23,47.22
HAMLIN,SD,3.16,9.31,18.55
HAND,SD,8.02,11.63,21.60
HANSON,SD,4.33,7.13,15.16
HARDING,SD,2.58,9.56,18.09
HUGHES,SD,6.74,11.51,14.20
HUTCHINSON,SD,6.26,13.15,20.77
HYDE,SD,6.28,10.38,22.95
JACKSON,SD,32.77,46.83,56.57
JERAULD,SD,4.79,8.10,15.47
JONES,SD,7.73,11.36,30.91
KINGSBURY,SD,4.99,8.94,15.80
LAKE,SD,3.36,9.96,14.67
LAWRENCE,SD,5.73,9.96,19.53
LINCOLN,SD,1.83,5.43,11.13
LYMAN,SD,15.80,25.38,33.64
MCCOOK,SD,5.66,11.70,20.10
MCPHERSON,SD,6.49,12.01,24.19
MARSHALL,SD,5.12,12.64,17.11
MEADE,SD,4.62,13.57,23.38
MELLETTE,SD,37.99,44.56,57.08
MINER,SD,5.64,13.01,23.04
MINNEHAHA,SD,7.55,12.96,19.87
MOODY,SD,7.93,14.58,23.38
OGLALA LAKOTA,SD,45.14,59.35,68.37
PENNINGTON,SD,9.24,15.51,23.03
PERKINS,SD,8.78,14.92,24.07
POTTER,SD,4.32,9.92,23.52
ROBERTS,SD,13.68,24.12,32.77
SANBORN,SD,4.95,10.89,19.09
SPINK,SD,5.87,11.13,21.23
STANLEY,SD,2.42,3.83,14.31
SULLY,SD,2.72,10.05,17.39
TODD,SD,52.08,64.42,70.84
TRIPP,SD,17.03,23.51,29.67
TURNER,SD,6.37,13.38,20.48
UNION,SD,4.35,9.03,15.45
WALWORTH,SD,2.93,7.58,17.55
YANKTON,SD,7.41,15.34,24.06
ZIEBACH,SD,32.09,44.65,54.16
ANDERSON,TN,13.51,21.24,29.34
BEDFORD,TN,12.01,23.20,34.98
BENTON,TN,13.89,30.14,41.72
BLEDSOE,TN,15.44,27.17,40.28
BLOUNT,TN,8.33,16.78,25.12
BRADLEY,TN,12.09,21.09,30.45
CAMPBELL,TN,14.70,28.67,39.41
CANNON,TN,12.48,23.34,31.06
CARROLL,TN,13.61,22.89,34.68
CARTER,TN,17.82,28.65,38.92
CHEATHAM,TN,6.31,13.97,24.06
CHESTER,TN,13.23,21.31,29.61
CLAIBORNE,TN,18.09,27.61,39.36
CLAY,TN,19.60,36.10,46.72
COCKE,TN,19.91,31.80,43.18
COFFEE,TN,10.28,20.65,31.83
CROCKETT,TN,13.87,25.59,33.84
CUMBERLAND,TN,10.48,19.79,31.31
DAVIDSON,TN,12.40,20.37,28.52
DECATUR,TN,14.28,26.57,38.90
DEKALB,TN,14.11,23.69,37.02
DICKSON,TN,10.08,18.01,26.93
DYER,TN,14.57,25.11,36.78
FAYETTE,TN,9.81,16.42,26.13
FENTRESS,TN,18.60,33.23,43.38
FRANKLIN,TN,11.46,19.63,29.36
GIBSON,TN,13.53,25.18,35.98
GILES,TN,10.02,19.87,29.21
GRAINGER,TN,14.11,25.38,34.48
GREENE,TN,13.26,26.04,36.12
GRUNDY,TN,19.30,32.88,44.40
HAMBLEN,TN,14.65,25.65,35.84
HAMILTON,TN,9.07,16.19,24.02
HANCOCK,TN,20.75,33.18,48.26
HARDEMAN,TN,15.03,27.42,38.83
HARDIN,TN,14.78,24.78,37.16
HAWKINS,TN,15.38,25.31,36.87
HAYWOOD,TN,13.34,26.09,38.16
HENDERSON,TN,14.04,25.56,34.15
HENRY,TN,14.81,24.87,36.96
HICKMAN,TN,12.88,19.67,36.25
HOUSTON,TN,9.89,19.57,33.67
HUMPHREYS,TN,12.14,21.57,32.20
JACKSON,TN,14.74,24.26,37.94
JEFFERSON,TN,10.23,20.74,31.65
JOHNSON,TN,16.05,28.83,45.60
KNOX,TN,10.17,17.18,24.49
LAKE,TN,21.65,32.27,40.91
LAUDERDALE,TN,19.08,34.68,47.71
LAWRENCE,TN,14.20,25.75,36.69
LEWIS,TN,13.87,25.07,37.47
LINCOLN,TN,11.74,22.24,32.77
LOUDON,TN,7.65,13.99,25.37
MCMINN,TN,15.15,24.38,35.90
MCNAIRY,TN,15.09,29.77,42.50
MACON,TN,15.63,29.41,40.97
MADISON,TN,14.80,23.25,32.28
MARION,TN,14.30,21.20,29.93
MARSHALL,TN,10.89,20.05,30.27
MAURY,TN,9.98,17.32,26.22
MEIGS,TN,11.90,21.61,30.50
MONROE,TN,14.68,28.14,37.84
MONTGOMERY,TN,10.93,19.04,29.99
MOORE,TN,6.88,19.76,26.33
MORGAN,TN,16.43,30.25,41.95
OBION,TN,17.61,28.59,37.98
OVERTON,TN,10.61,24.98,37.19
PERRY,TN,21.56,32.57,44.60
PICKETT,TN,14.72,24.61,35.75
POLK,TN,13.13,25.83,35.41
PUTNAM,TN,12.63,23.15,34.30
RHEA,TN,16.89,26.68,38.57
ROANE,TN,11.31,17.48,27.49
ROBERTSON,TN,9.18,16.15,24.40
RUTHERFORD,TN,7.40,13.42,21.12
SCOTT,TN,18.46,30.35,43.57
SEQUATCHIE,TN,14.33,23.38,36.37
SEVIER,TN,10.49,21.41,33.56
SHELBY,TN,15.73,24.55,33.08
SMITH,TN,11.04,20.99,34.32
STEWART,TN,13.13,21.08,33.01
SULLIVAN,TN,12.55,22.38,32.27
SUMNER,TN,7.21,13.46,20.38
TIPTON,TN,12.03,20.20,28.00
TROUSDALE,TN,8.01,16.12,33.18
UNICOI,TN,17.02,27.63,41.54
UNION,TN,19.42,29.92,40.22
VAN BUREN,TN,11.15,30.24,42.30
WARREN,TN,17.48,28.23,37.95
WASHINGTON,TN,10.60,19.40,28.71
WAYNE,TN,16.96,26.28,39.92
WEAKLEY,TN,13.46,24.42,34.92
WHITE,TN,12.91,24.83,39.39
WILLIAMSON,TN,2.88,6.06,9.40
WILSON,TN,6.13,11.14,17.23
ANDERSON,TX,11.36,24.04,37.77
ANDREWS,TX,8.63,14.79,21.61
ANGELINA,TX,15.06,25.12,36.63
ARANSAS,TX,11.93,21.96,31.44
ARCHER,TX,6.32,13.39,20.08
ARMSTRONG,TX,4.09,7.46,17.41
ATASCOSA,TX,12.02,21.33,34.60
AUSTIN,TX,7.82,15.68,23.09
BAILEY,TX,9.91,20.52,42.77
BANDERA,TX,11.56,17.10,24.75
BASTROP,TX,7.41,16.15,24.74
BAYLOR,TX,8.34,15.98,30.85
BEE,TX,21.04,31.91,45.10
BELL,TX,11.08,20.18,30.75
BEXAR,TX,12.62,22.25,31.49
BLANCO,TX,6.95,15.34,24.63
BORDEN,TX,0.00,1.07,10.16
BOSQUE,TX,11.68,19.90,31.17
BOWIE,TX,13.84,22.74,32.86
BRAZORIA,TX,7.19,12.22,18.61
BRAZOS,TX,13.20,22.29,30.88
BREWSTER,TX,9.24,21.66,34.00
BRISCOE,TX,9.29,26.19,37.38
BROOKS,TX,33.88,45.26,59.28
BROWN,TX,11.06,20.25,32.48
BURLESON,TX,7.86,14.56,24.06
BURNET,TX,7.84,14.60,22.77
CALDWELL,TX,12.96,24.10,35.26
CALHOUN,TX,8.60,18.01,30.20
CALLAHAN,TX,8.70,17.37,29.00
CAMERON,TX,27.01,41.49,52.79
CAMP,TX,14.05,26.04,40.21
CARSON,TX,4.98,10.83,15.56
CASS,TX,13.75,23.27,36.59
CASTRO,TX,11.14,19.53,40.78
CHAMBERS,TX,9.33,16.86,22.52
CHEROKEE,TX,14.55,26.95,37.09
CHILDRESS,TX,11.96,30.46,42.01
CLAY,TX,10.69,15.37,26.49
COCHRAN,TX,19.22,34.97,39.88
COKE,TX,8.40,15.63,25.88
COLEMAN,TX,13.57,22.81,33.33
COLLIN,TX,4.72,8.63,13.25
COLLINGSWORTH,TX,13.53,26.03,43.30
COLORADO,TX,7.41,19.50,27.14
COMAL,TX,5.73,11.85,18.38
COMANCHE,TX,12.30,19.61,30.30
CONCHO,TX,8.75,21.89,30.81
COOKE,TX,10.28,17.32,25.99
CORYELL,TX,10.85,22.18,35.18
COTTLE,TX,19.37,29.78,47.70
CRANE,TX,6.78,14.45,21.77
CROCKETT,TX,15.67,15.67,21.44
CROSBY,TX,17.03,31.74,46.09
CULBERSON,TX,23.95,38.84,46.74
DALLAM,TX,7.99,14.12,26.72
DALLAS,TX,13.28,23.91,34.11
DAWSON,TX,17.57,35.21,42.06
DEAF SMITH,TX,15.74,23.68,33.07
DELTA,TX,16.89,21.37,30.76
DENTON,TX,5.06,9.52,14.84
DEWITT,TX,12.15,21.53,31.37
DICKENS,TX,13.13,23.75,32.43
DIMMIT,TX,22.14,41.44,54.51
DONLEY,TX,9.65,19.55,30.33
DUVAL,TX,21.64,35.57,48.91
EASTLAND,TX,15.43,27.47,39.79
ECTOR,TX,9.16,18.38,27.59
EDWARDS,TX,4.01,22.88,35.14
ELLIS,TX,7.03,13.73,20.71
EL PASO,TX,18.14,31.46,43.62
ERATH,TX,10.69,17.95,29.93
FALLS,TX,21.81,29.25,35.72
FANNIN,TX,9.00,17.80,27.57
FAYETTE,TX,5.83,15.15,21.51
FISHER,TX,12.32,17.94,27.74
FLOYD,TX,15.14,28.09,38.69
FOARD,TX,7.12,21.10,37.26
FORT BEND,TX,6.20,10.79,16.76
FRANKLIN,TX,5.23,13.47,23.61
FREESTONE,TX,12.64,24.27,32.44
FRIO,TX,17.36,31.21,42.75
GAINES,TX,10.75,22.69,36.75
GALVESTON,TX,9.93,16.61,22.60
GARZA,TX,11.53,19.67,26.75
GILLESPIE,TX,9.07,16.12,25.09
GLASSCOCK,TX,7.38,20.22,29.78
GOLIAD,TX,10.72,17.07,23.05
GONZALES,TX,11.75,22.97,33.14
GRAY,TX,12.54,25.69,32.59
GRAYSON,TX,10.59,18.67,27.73
GREGG,TX,13.92,25.00,34.27
GRIMES,TX,13.43,22.90,31.17
GUADALUPE,TX,6.61,12.62,19.70
HALE,TX,14.39,23.84,36.89
HALL,TX,20.91,42.29,57.71
HAMILTON,TX,11.80,21.12,28.01
HANSFORD,TX,15.05,30.38,47.59
HARDEMAN,TX,8.67,23.15,35.67
HARDIN,TX,9.78,16.32,22.20
HARRIS,TX,13.41,22.88,32.02
HARRISON,TX,11.70,22.06,31.03
HARTLEY,TX,4.86,7.60,28.53
HASKELL,TX,16.95,27.34,35.48
HAYS,TX,8.32,14.36,19.58
HEMPHILL,TX,10.84,20.14,29.04
HENDERSON,TX,12.41,22.33,33.67
HIDALGO,TX,27.48,42.34,53.44
HILL,TX,11.47,21.67,31.33
HOCKLEY,TX,12.40,21.44,35.34
HOOD,TX,7.94,13.06,21.37
HOPKINS,TX,13.51,23.13,32.79
HOUSTON,TX,17.92,31.10,41.38
HOWARD,TX,14.31,23.17,30.85
HUDSPETH,TX,28.42,39.63,56.68
HUNT,TX,12.51,21.19,30.07
HUTCHINSON,TX,11.76,18.55,26.33
IRION,TX,8.37,10.70,18.84
JACK,TX,11.77,21.43,31.12
JACKSON,TX,10.38,16.63,27.74
JASPER,TX,11.85,22.48,28.85
JEFF DAVIS,TX,1.40,11.03,15.59
JEFFERSON,TX,14.57,24.18,33.22
JIM HOGG,TX,23.02,33.22,48.68
JIM WELLS,TX,16.32,26.60,39.93
JOHNSON,TX,8.04,15.80,24.90
JONES,TX,9.76,20.31,29.22
KARNES,TX,16.99,26.46,33.51
KAUFMAN,TX,10.31,16.62,24.33
KENDALL,TX,3.32,7.49,14.55
KENEDY,TX,6.49,38.31,38.31
KENT,TX,9.09,9.09,33.52
KERR,TX,9.56,19.44,28.45
KIMBLE,TX,12.30,20.96,34.59
KING,TX,3.77,7.55,16.98
KINNEY,TX,11.31,35.54,44.49
KLEBERG,TX,18.49,26.14,36.25
KNOX,TX,11.23,23.00,31.75
LAMAR,TX,13.63,22.79,33.91
LAMB,TX,19.21,33.11,42.67
LAMPASAS,TX,7.34,15.46,22.56
LA SALLE,TX,10.36,25.53,32.31
LAVACA,TX,10.85,16.80,26.90
LEE,TX,11.61,20.24,28.18
LEON,TX,12.86,23.13,29.99
LIBERTY,TX,11.19,21.71,32.27
LIMESTONE,TX,14.61,27.08,37.97
LIPSCOMB,TX,10.00,19.67,26.56
LIVE OAK,TX,10.48,19.09,31.25
LLANO,TX,7.56,16.36,25.29
LOVING,TX,0.00,0.00,0.00
LUBBOCK,TX,11.76,21.77,30.31
LYNN,TX,16.36,31.59,39.84
MCCULLOCH,TX,10.96,23.24,38.24
MCLENNAN,TX,13.04,23.14,32.88
MCMULLEN,TX,9.77,13.22,14.94
MADISON,TX,11.77,20.78,30.59
MARION,TX,12.87,24.00,36.36
MARTIN,TX,6.29,13.33,21.61
MASON,TX,10.26,18.53,26.89
MATAGORDA,TX,16.62,25.92,34.24
MAVERICK,TX,24.22,40.84,52.82
MEDINA,TX,8.02,16.68,23.52
MENARD,TX,7.38,16.98,38.59
MIDLAND,TX,7.18,11.91,19.08
MILAM,TX,11.78,22.63,35.73
MILLS,TX,12.27,20.31,33.39
MITCHELL,TX,3.45,15.23,20.22
MONTAGUE,TX,10.03,19.97,29.78
MONTGOMERY,TX,7.18,13.52,20.27
MOORE,TX,11.24,20.93,35.39
MORRIS,TX,11.90,19.88,31.58
MOTLEY,TX,5.84,17.86,37.34
NACOGDOCHES,TX,15.70,26.10,34.75
NAVARRO,TX,14.92,24.72,36.52
NEWTON,TX,12.45,22.31,35.07
NOLAN,TX,11.00,20.41,32.89
NUECES,TX,12.52,21.97,31.66
OCHILTREE,TX,11.22,23.35,38.64
OLDHAM,TX,8.05,11.17,19.22
ORANGE,TX,9.94,18.80,27.06
PALO PINTO,TX,12.85,23.24,33.54
PANOLA,TX,10.91,22.57,32.45
PARKER,TX,5.52,11.29,18.03
PARMER,TX,11.94,24.43,33.16
PECOS,TX,9.49,19.11,32.61
POLK,TX,14.19,23.89,35.49
POTTER,TX,16.30,29.00,40.45
PRESIDIO,TX,23.13,44.09,58.13
RAINS,TX,5.83,15.77,26.23
RANDALL,TX,5.86,10.50,17.39
REAGAN,TX,9.63,21.86,28.99
REAL,TX,8.48,23.28,29.89
RED RIVER,TX,14.88,27.80,37.53
REEVES,TX,9.96,20.53,28.52
REFUGIO,TX,15.14,23.20,32.04
ROBERTS,TX,5.11,13.19,16.17
ROBERTSON,TX,8.31,17.55,27.20
ROCKWALL,TX,4.67,8.73,14.53
RUNNELS,TX,11.55,24.22,37.29
RUSK,TX,9.58,20.37,30.33
SABINE,TX,17.56,33.68,42.06
SAN AUGUSTINE,TX,18.87,29.34,37.79
SAN JACINTO,TX,9.29,22.81,33.14
SAN PATRICIO,TX,13.51,22.95,32.83
SAN SABA,TX,8.56,22.07,36.34
SCHLEICHER,TX,10.89,14.21,21.25
SCURRY,TX,8.57,19.67,26.25
SHACKELFORD,TX,7.00,16.75,25.50
SHELBY,TX,20.48,31.74,42.19
SHERMAN,TX,10.36,13.68,28.52
SMITH,TX,11.84,20.56,30.16
SOMERVELL,TX,26.71,31.13,33.07
STARR,TX,31.38,50.56,61.89
STEPHENS,TX,19.65,25.21,37.18
STERLING,TX,2.62,13.12,21.57
STONEWALL,TX,6.99,16.40,25.54
SUTTON,TX,5.97,9.62,25.12
SWISHER,TX,17.70,35.62,47.18
TARRANT,TX,9.70,17.56,25.69
TAYLOR,TX,11.22,20.13,30.19
TERRELL,TX,10.53,28.71,31.58
TERRY,TX,12.01,26.41,38.62
THROCKMORTON,TX,9.07,16.03,25.32
TITUS,TX,16.61,28.62,41.57
TOM GREEN,TX,9.19,17.24,26.55
TRAVIS,TX,8.76,14.92,21.58
TRINITY,TX,13.07,26.59,37.94
TYLER,TX,12.30,19.18,27.77
UPSHUR,TX,8.99,16.03,26.49
UPTON,TX,14.48,21.83,30.32
UVALDE,TX,14.11,29.59,44.32
VAL VERDE,TX,17.37,32.16,42.06
VAN ZANDT,TX,9.60,19.23,27.57
VICTORIA,TX,11.43,20.23,29.45
WALKER,TX,14.19,22.28,30.11
WALLER,TX,11.65,20.75,28.76
WARD,TX,10.49,20.79,27.57
WASHINGTON,TX,10.25,18.77,26.59
WEBB,TX,26.20,39.67,52.18
WHARTON,TX,13.80,25.26,34.46
WHEELER,TX,14.88,24.02,36.07
WICHITA,TX,13.65,22.73,32.66
WILBARGER,TX,11.89,23.45,32.46
WILLACY,TX,33.56,49.30,60.98
WILLIAMSON,TX,4.49,9.03,14.78
WILSON,TX,6.93,13.39,21.12
WINKLER,TX,13.93,21.20,31.15
WISE,TX,9.18,16.35,25.75
WOOD,TX,9.95,18.95,30.59
YOAKUM,TX,7.28,15.96,22.47
YOUNG,TX,7.10,20.79,29.99
ZAPATA,TX,29.50,44.63,57.14
ZAVALA,TX,28.43,48.06,57.34
BEAVER,UT,7.50,17.51,27.39
BOX ELDER,UT,8.03,17.12,26.77
CACHE,UT,10.68,20.01,29.69
CARBON,UT,12.15,20.62,29.28
DAGGETT,UT,0.00,1.79,20.54
DAVIS,UT,4.51,9.69,16.27
DUCHESNE,UT,10.43,16.85,26.54
EMERY,UT,7.74,16.87,24.21
GARFIELD,UT,11.62,17.27,30.85
GRAND,UT,6.84,14.14,29.60
IRON,UT,13.41,23.98,34.01
JUAB,UT,10.35,15.73,25.23
KANE,UT,6.89,13.26,21.65
MILLARD,UT,7.81,17.95,27.42
MORGAN,UT,3.03,6.90,15.37
PIUTE,UT,13.19,29.67,43.13
RICH,UT,6.96,10.34,19.83
SALT LAKE,UT,6.63,12.82,20.39
SAN JUAN,UT,19.44,28.16,39.78
SANPETE,UT,9.90,19.38,33.95
SEVIER,UT,10.29,20.33,32.46
SUMMIT,UT,4.51,7.42,11.33
TOOELE,UT,4.98,11.26,21.27
UINTAH,UT,9.44,17.72,25.39
UTAH,UT,7.77,15.03,24.85
WASATCH,UT,5.98,10.89,16.57
WASHINGTON,UT,8.65,16.79,26.88
WAYNE,UT,4.79,10.56,28.45
WEBER,UT,8.18,14.27,22.77
ACCOMACK,VA,11.81,22.03,32.55
ALBEMARLE,VA,5.85,10.05,15.51
ALLEGHANY,VA,15.57,22.15,29.79
AMELIA,VA,9.30,13.83,23.98
AMHERST,VA,7.66,16.88,24.43
APPOMATTOX,VA,11.61,18.07,24.77
ARLINGTON,VA,4.38,7.98,11.35
AUGUSTA,VA,6.84,12.69,21.20
BATH,VA,7.25,27.97,33.64
BEDFORD,VA,5.83,10.32,17.46
BLAND,VA,4.54,11.57,21.42
BOTETOURT,VA,5.86,9.60,17.31
BRUNSWICK,VA,15.70,25.52,37.83
BUCHANAN,VA,22.95,34.97,47.10
BUCKINGHAM,VA,12.08,20.50,32.77
CAMPBELL,VA,9.64,19.02,25.67
CAROLINE,VA,5.88,10.12,17.97
CARROLL,VA,9.90,18.43,28.61
CHARLES CITY,VA,8.90,14.91,23.13
CHARLOTTE,VA,14.78,23.38,33.46
CHESTERFIELD,VA,4.31,8.85,14.44
CLARKE,VA,4.62,8.60,13.13
CRAIG,VA,2.16,4.97,14.41
CULPEPER,VA,4.93,12.64,19.72
CUMBERLAND,VA,14.16,22.89,29.69
DICKENSON,VA,21.34,35.24,45.88
DINWIDDIE,VA,9.01,15.26,25.56
ESSEX,VA,6.89,18.00,25.72
FAIRFAX,VA,4.14,7.56,11.28
FAUQUIER,VA,4.06,6.48,10.14
FLOYD,VA,5.73,14.63,26.44
FLUVANNA,VA,2.52,4.89,9.38
FRANKLIN,VA,11.35,17.53,27.30
FREDERICK,VA,4.33,9.61,16.37
GILES,VA,7.25,14.46,24.60
GLOUCESTER,VA,5.61,10.28,16.20
GOOCHLAND,VA,3.24,7.66,12.05
GRAYSON,VA,16.03,24.31,38.72
GREENE,VA,5.01,18.05,24.69
GREENSVILLE,VA,11.80,29.01,36.00
HALIFAX,VA,10.62,19.17,30.41
HANOVER,VA,3.61,5.99,10.14
HENRICO,VA,6.93,11.95,17.17
HENRY,VA,16.15,28.53,38.76
HIGHLAND,VA,7.82,18.63,27.74
ISLE OF WIGHT,VA,7.06,12.26,18.36
JAMES CITY,VA,5.30,8.68,13.41
KING AND QUEEN,VA,9.90,15.35,27.05
KING GEORGE,VA,4.06,8.49,13.04
KING WILLIAM,VA,5.65,9.20,17.53
LANCASTER,VA,4.93,11.98,20.18
LEE,VA,18.90,32.33,43.65
LOUDOUN,VA,2.35,4.77,8.18
LOUISA,VA,8.52,16.92,24.41
LUNENBURG,VA,10.86,23.04,36.64
MADISON,VA,6.59,18.97,26.95
MATHEWS,VA,7.10,12.98,20.29
MECKLENBURG,VA,14.24,23.83,35.28
MIDDLESEX,VA,5.92,12.33,22.11
MONTGOMERY,VA,8.06,11.73,18.31
NELSON,VA,8.58,15.92,22.83
NEW KENT,VA,3.71,7.53,10.95
NORTHAMPTON,VA,11.66,20.65,28.38
NORTHUMBERLAND,VA,13.69,17.98,26.24
NOTTOWAY,VA,14.57,24.24,39.20
ORANGE,VA,6.20,14.16,21.65
PAGE,VA,11.92,18.98,28.79
PATRICK,VA,14.68,23.17,32.80
PITTSYLVANIA,VA,12.42,21.19,32.83
POWHATAN,VA,3.37,6.44,12.25
PRINCE EDWARD,VA,11.85,21.07,34.35
PRINCE GEORGE,VA,5.84,10.84,18.33
PRINCE WILLIAM,VA,5.11,9.66,15.00
PULASKI,VA,10.11,15.81,24.99
RAPPAHANNOCK,VA,4.07,7.01,15.36
RICHMOND,VA,10.25,24.19,33.58
ROANOKE,VA,5.33,10.46,16.12
ROCKBRIDGE,VA,8.22,18.38,27.07
ROCKINGHAM,VA,7.34,14.07,21.87
RUSSELL,VA,15.68,25.90,36.29
SCOTT,VA,13.65,24.23,33.49
SHENANDOAH,VA,6.49,14.54,25.51
SMYTH,VA,13.78,22.20,34.89
SOUTHAMPTON,VA,8.42,19.36,24.04
SPOTSYLVANIA,VA,5.12,10.07,15.62
STAFFORD,VA,3.01,6.45,12.40
SURRY,VA,8.72,18.45,23.24
SUSSEX,VA,14.13,27.39,37.73
TAZEWELL,VA,10.68,20.06,33.71
WARREN,VA,7.69,12.44,19.55
WASHINGTON,VA,10.16,18.30,28.81
WESTMORELAND,VA,7.75,14.29,24.95
WISE,VA,16.32,28.13,39.36
WYTHE,VA,11.32,18.55,28.32
YORK,VA,3.49,6.85,11.65
ALEXANDRIA CITY,VA,7.55,12.50,16.68
BRISTOL CITY,VA,15.62,25.66,35.76
BUENA VISTA CITY,VA,17.83,34.66,48.05
CHARLOTTESVILLE CITY,VA,12.71,19.26,25.42
CHESAPEAKE CITY,VA,7.09,11.90,17.48
COLONIAL HEIGHTS CITY,VA,10.78,18.32,28.57
COVINGTON CITY,VA,13.20,23.21,33.81
DANVILLE CITY,VA,17.66,30.89,42.25
EMPORIA CITY,VA,19.94,37.17,44.94
FAIRFAX CITY,VA,2.33,6.85,10.37
FALLS CHURCH CITY,VA,1.76,2.47,4.36
FRANKLIN CITY,VA,9.97,26.58,43.32
FREDERICKSBURG CITY,VA,9.70,16.25,19.59
GALAX CITY,VA,22.85,36.05,44.55
HAMPTON CITY,VA,11.37,18.89,27.12
HARRISONBURG CITY,VA,12.07,23.31,34.11
HOPEWELL CITY,VA,18.42,25.59,39.04
LEXINGTON CITY,VA,9.20,16.36,25.91
LYNCHBURG CITY,VA,13.67,23.01,33.13
MANASSAS CITY,VA,6.73,13.03,21.21
MANASSAS PARK CITY,VA,9.76,15.14,22.43
MARTINSVILLE CITY,VA,22.04,31.98,42.99
NEWPORT NEWS CITY,VA,11.99,20.56,29.90
NORFOLK CITY,VA,15.01,23.73,33.51
NORTON CITY,VA,31.30,34.92,45.04
PETERSBURG CITY,VA,20.21,30.73,46.09
POQUOSON CITY,VA,3.09,7.71,9.91
PORTSMOUTH CITY,VA,12.92,21.59,31.44
RADFORD CITY,VA,12.96,19.93,26.90
RICHMOND CITY,VA,17.72,27.08,34.56
ROANOKE CITY,VA,16.02,25.51,35.48
SALEM CITY,VA,6.73,11.56,20.88
STAUNTON CITY,VA,8.33,16.01,25.43
SUFFOLK CITY,VA,8.88,14.63,20.82
VIRGINIA BEACH CITY,VA,5.53,10.89,17.13
WAYNESBORO CITY,VA,12.58,20.79,30.48
WILLIAMSBURG CITY,VA,6.75,12.72,19.65
WINCHESTER CITY,VA,9.76,16.65,29.11
ADDISON,VT,4.61,9.15,16.27
BENNINGTON,VT,7.58,15.78,24.53
CALEDONIA,VT,8.64,14.82,24.25
CHITTENDEN,VT,6.29,11.10,16.27
ESSEX,VT,9.01,18.95,30.27
FRANKLIN,VT,5.20,10.29,16.11
GRAND ISLE,VT,4.13,7.36,12.28
LAMOILLE,VT,10.57,16.47,24.17
ORANGE,VT,7.09,13.16,22.21
ORLEANS,VT,9.55,18.87,31.13
RUTLAND,VT,7.19,12.90,20.23
WASHINGTON,VT,7.78,13.52,20.02
WINDHAM,VT,9.55,16.84,24.84
WINDSOR,VT,5.69,10.45,17.92
ADAMS,WA,18.90,30.35,43.61
ASOTIN,WA,7.40,18.15,24.56
BENTON,WA,8.95,16.24,23.37
CHELAN,WA,8.55,16.49,25.16
CLALLAM,WA,10.28,16.79,25.88
CLARK,WA,5.84,11.98,18.55
COLUMBIA,WA,5.36,15.99,21.71
COWLITZ,WA,11.57,19.06,27.99
DOUGLAS,WA,9.19,18.49,26.84
FERRY,WA,13.42,25.44,34.10
FRANKLIN,WA,12.22,21.40,30.85
GARFIELD,WA,6.40,10.21,18.29
GRANT,WA,10.02,22.50,33.62
GRAYS HARBOR,WA,10.43,19.57,29.97
ISLAND,WA,6.16,11.91,18.59
JEFFERSON,WA,7.95,13.52,21.66
KING,WA,5.81,9.83,14.39
KITSAP,WA,6.58,11.48,17.19
KITTITAS,WA,7.39,12.76,19.60
KLICKITAT,WA,6.94,18.18,27.53
LEWIS,WA,9.02,18.33,26.96
LINCOLN,WA,8.59,17.29,23.60
MASON,WA,9.66,18.06,26.84
OKANOGAN,WA,14.34,27.16,37.88
PACIFIC,WA,10.87,20.33,28.61
PEND OREILLE,WA,10.08,19.12,31.00
PIERCE,WA,7.54,12.98,20.40
SAN JUAN,WA,8.14,13.29,20.34
SKAGIT,WA,7.90,13.62,20.72
SKAMANIA,WA,9.36,16.41,22.53
SNOHOMISH,WA,5.38,9.56,14.72
SPOKANE,WA,9.17,16.33,24.82
STEVENS,WA,11.06,19.41,28.55
THURSTON,WA,7.38,12.85,19.17
WAHKIAKUM,WA,5.35,13.85,20.13
WALLA WALLA,WA,7.78,15.27,25.67
WHATCOM,WA,7.66,13.86,21.27
WHITMAN,WA,9.87,16.70,23.93
YAKIMA,WA,14.18,27.37,38.91
ADAMS,WI,9.06,17.31,29.53
ASHLAND,WI,10.09,18.88,29.69
BARRON,WI,7.42,16.58,26.64
BAYFIELD,WI,7.69,15.35,24.49
BROWN,WI,7.53,13.58,21.00
BUFFALO,WI,6.39,12.63,19.33
BURNETT,WI,9.94,17.37,26.40
CALUMET,WI,4.69,8.84,15.22
CHIPPEWA,WI,7.34,13.71,22.10
CLARK,WI,8.90,17.94,29.49
COLUMBIA,WI,5.91,11.24,17.63
CRAWFORD,WI,8.92,16.30,23.76
DANE,WI,5.54,9.66,14.40
DODGE,WI,6.01,11.99,19.51
DOOR,WI,4.72,9.66,16.59
DOUGLAS,WI,8.85,15.44,22.96
DUNN,WI,5.81,13.89,22.49
EAU CLAIRE,WI,6.54,12.41,18.82
FLORENCE,WI,6.41,13.83,24.06
FOND DU LAC,WI,6.13,12.01,18.54
FOREST,WI,12.49,19.48,30.58
GRANT,WI,7.40,13.89,22.04
GREEN,WI,5.00,10.27,19.25
GREEN LAKE,WI,7.24,14.94,23.74
IOWA,WI,4.67,11.01,16.83
IRON,WI,10.76,18.89,30.35
JACKSON,WI,8.99,16.83,26.31
JEFFERSON,WI,5.97,11.73,18.58
JUNEAU,WI,8.98,17.08,25.48
KENOSHA,WI,9.62,15.86,23.36
KEWAUNEE,WI,5.40,10.38,17.67
LA CROSSE,WI,4.98,10.32,18.25
LAFAYETTE,WI,7.74,15.12,24.22
LANGLADE,WI,9.81,17.10,24.69
LINCOLN,WI,5.11,11.19,18.49
MANITOWOC,WI,7.64,13.12,21.54
MARATHON,WI,5.98,11.93,19.38
MARINETTE,WI,9.39,17.34,27.41
MARQUETTE,WI,7.46,13.83,24.28
MENOMINEE,WI,27.42,38.50,46.26
MILWAUKEE,WI,15.20,24.17,32.74
MONROE,WI,8.24,13.72,21.91
OCONTO,WI,7.04,13.07,21.35
ONEIDA,WI,5.39,11.26,17.47
OUTAGAMIE,WI,6.29,10.75,17.76
OZAUKEE,WI,3.44,6.11,10.36
PEPIN,WI,8.37,14.88,21.93
PIERCE,WI,5.74,8.05,13.65
POLK,WI,6.90,13.91,23.89
PORTAGE,WI,5.55,10.57,16.76
PRICE,WI,6.24,15.19,26.09
RACINE,WI,8.73,15.98,23.58
RICHLAND,WI,9.15,15.91,24.46
ROCK,WI,10.58,17.47,25.33
RUSK,WI,9.70,19.76,29.63
ST. CROIX,WI,2.49,5.56,11.35
SAUK,WI,7.54,12.45,20.82
SAWYER,WI,12.86,21.49,30.71
SHAWANO,WI,7.39,13.82,22.84
SHEBOYGAN,WI,4.89,10.65,19.11
TAYLOR,WI,6.84,14.88,24.84
TREMPEALEAU,WI,5.52,11.86,20.51
VERNON,WI,10.15,17.96,27.18
VILAS,WI,8.58,16.19,28.26
WALWORTH,WI,6.72,12.23,20.13
WASHBURN,WI,8.83,15.56,24.30
WASHINGTON,WI,3.09,5.57,11.92
WAUKESHA,WI,3.13,5.75,9.74
WAUPACA,WI,7.59,13.60,21.30
WAUSHARA,WI,6.64,13.98,23.05
WINNEBAGO,WI,6.22,11.93,18.70
WOOD,WI,7.31,13.79,22.56
BARBOUR,WV,18.18,28.50,37.11
BERKELEY,WV,10.09,16.57,24.38
BOONE,WV,20.79,30.41,42.38
BRAXTON,WV,16.31,29.50,36.15
BROOKE,WV,8.60,16.24,22.34
CABELL,WV,14.39,23.39,31.46
CALHOUN,WV,13.39,28.46,42.24
CLAY,WV,17.80,26.62,41.01
DODDRIDGE,WV,7.40,12.70,24.30
FAYETTE,WV,15.27,25.35,37.21
GILMER,WV,11.43,23.10,36.37
GRANT,WV,8.69,24.22,32.98
GREENBRIER,WV,13.20,24.26,33.90
HAMPSHIRE,WV,13.39,22.02,33.03
HANCOCK,WV,8.95,19.82,28.31
HARDY,WV,7.34,17.26,31.11
HARRISON,WV,10.93,17.97,25.72
JACKSON,WV,9.97,19.67,26.39
JEFFERSON,WV,7.39,14.13,20.30
KANAWHA,WV,13.18,21.09,30.18
LEWIS,WV,16.95,27.17,39.30
LINCOLN,WV,18.31,30.91,40.84
LOGAN,WV,19.47,30.74,40.35
MCDOWELL,WV,27.53,44.29,57.05
MARION,WV,12.17,21.88,30.82
MARSHALL,WV,11.51,21.60,32.62
MASON,WV,15.13,26.32,37.13
MERCER,WV,14.89,25.63,37.52
MINERAL,WV,12.35,19.59,30.08
MINGO,WV,23.94,35.53,46.50
MONONGALIA,WV,8.78,14.85,22.34
MONROE,WV,13.93,25.19,41.26
MORGAN,WV,3.51,14.85,26.21
NICHOLAS,WV,13.58,22.83,33.98
OHIO,WV,7.43,15.17,24.05
PENDLETON,WV,11.36,21.32,32.40
PLEASANTS,WV,11.97,22.10,30.41
POCAHONTAS,WV,10.25,21.17,32.36
PRESTON,WV,11.74,20.82,30.57
PUTNAM,WV,7.39,12.42,20.19
RALEIGH,WV,13.59,23.45,36.16
RANDOLPH,WV,13.99,23.62,34.11
RITCHIE,WV,11.17,19.90,29.91
ROANE,WV,15.21,30.09,44.49
SUMMERS,WV,18.97,28.66,38.97
TAYLOR,WV,11.88,21.89,28.96
TUCKER,WV,8.61,16.36,28.19
TYLER,WV,10.06,17.11,28.78
UPSHUR,WV,17.32,26.84,37.53
WAYNE,WV,17.40,25.97,36.57
WEBSTER,WV,25.23,34.18,48.32
WETZEL,WV,15.58,26.09,34.29
WIRT,WV,14.62,29.00,42.54
WOOD,WV,12.69,22.02,32.00
WYOMING,WV,17.27,27.89,40.68
ALBANY,WY,7.01,15.49,21.83
BIG HORN,WY,8.35,14.57,22.65
CAMPBELL,WY,8.58,16.45,22.59
CARBON,WY,9.93,14.68,22.52
CONVERSE,WY,3.21,9.02,15.43
CROOK,WY,5.85,10.64,19.69
FREMONT,WY,8.87,16.08,26.88
GOSHEN,WY,9.36,16.68,23.10
HOT SPRINGS,WY,10.30,16.08,22.41
JOHNSON,WY,5.78,12.13,19.36
LARAMIE,WY,7.19,13.18,20.16
LINCOLN,WY,5.55,12.85,20.82
NATRONA,WY,5.85,11.91,20.57
NIOBRARA,WY,18.06,27.93,44.15
PARK,WY,3.64,7.96,14.63
PLATTE,WY,8.78,13.87,23.58
SHERIDAN,WY,3.15,9.56,19.08
SUBLETTE,WY,6.07,10.55,20.97
SWEETWATER,WY,10.04,13.80,20.56
TETON,WY,2.36,5.99,8.84
UINTA,WY,10.98,20.92,27.49
WASHAKIE,WY,7.99,14.12,20.20
WESTON,WY,12.64,17.45,23.25
