County,State,Num_Fam_Below_1.00x_FPL,Num_Fam_Below_1.50x_FPL,Num_Fam_Below_2.00x_FPL
ALEUTIANS EAST,AK,67,101,147
ALEUTIANS WEST,AK,40,67,123
ANCHORAGE,AK,4313,7530,10730
BETHEL,AK,866,1366,1741
BRISTOL BAY,AK,5,18,35
DENALI,AK,9,14,33
DILLINGHAM,AK,164,295,437
FAIRBANKS NORTH STAR,AK,1200,2419,4059
HAINES,AK,49,83,161
HOONAH-ANGOON,AK,39,83,123
JUNEAU,AK,333,483,698
KENAI PENINSULA,AK,1061,1892,2793
KETCHIKAN GATEWAY,AK,251,394,663
KODIAK ISLAND,AK,284,367,705
KUSILVAK,AK,552,858,1030
LAKE AND PENINSULA,AK,39,82,113
MATANUSKA-SUSITNA,AK,1574,2635,4037
NOME,AK,442,697,958
NORTH SLOPE,AK,141,270,413
NORTHWEST ARCTIC,AK,304,473,631
PETERSBURG,AK,53,85,116
PRINCE OF WALES-HYDER,AK,165,295,425
SITKA,AK,72,171,325
SKAGWAY MUNICIPALITY,AK,8,11,20
SOUTHEAST FAIRBANKS,AK,112,176,310
VALDEZ-CORDOVA,AK,151,196,297
WRANGELL CITY AND,AK,26,74,144
YAKUTAT,AK,3,14,33
YUKON-KOYUKUK,AK,230,354,495
AUTAUGA,AL,1817,2797,3869
BALDWIN,AL,3734,6812,10848
BARBOUR,AL,1299,1929,2613
BIBB,AL,518,1023,1493
BLOUNT,AL,1544,2862,4424
BULLOCK,AL,768,924,1075
BUTLER,AL,835,1342,1764
CALHOUN,AL,4496,7476,10549
CHAMBERS,AL,978,2181,3231
CHEROKEE,AL,915,1646,2635
CHILTON,AL,1822,3063,4156
CHOCTAW,AL,624,1030,1463
CLARKE,AL,1109,1631,2221
CLAY,AL,538,888,1413
CLEBURNE,AL,462,812,1329
COFFEE,AL,1573,2569,3786
COLBERT,AL,1867,3097,4511
CONECUH,AL,501,896,1422
COOSA,AL,233,601,882
COVINGTON,AL,1402,2249,3316
CRENSHAW,AL,353,782,1220
CULLMAN,AL,2492,4592,7308
DALE,AL,1703,2761,4233
DALLAS,AL,2615,3910,5212
DEKALB,AL,3124,5673,7876
ELMORE,AL,2058,3218,4796
ESCAMBIA,AL,1468,2276,3412
ETOWAH,AL,3498,5955,8477
FAYETTE,AL,724,1262,1977
FRANKLIN,AL,1141,2054,3164
GENEVA,AL,1288,2002,2666
GREENE,AL,544,736,950
HALE,AL,715,1158,1548
HENRY,AL,479,966,1397
HOUSTON,AL,3598,5937,8261
JACKSON,AL,2381,4067,5502
JEFFERSON,AL,21759,34621,47840
LAMAR,AL,614,1045,1590
LAUDERDALE,AL,2608,4767,7186
LAWRENCE,AL,1253,2083,2898
LEE,AL,4796,7919,10883
LIMESTONE,AL,2327,3903,5710
LOWNDES,AL,669,1065,1336
MACON,AL,866,1441,1884
MADISON,AL,8980,14859,20850
MARENGO,AL,545,1086,1495
MARION,AL,1103,2061,3290
MARSHALL,AL,3877,6194,8564
MOBILE,AL,15216,24497,33566
MONROE,AL,1152,1535,2138
MONTGOMERY,AL,9133,14240,18901
MORGAN,AL,3901,6379,9279
PERRY,AL,504,739,916
PICKENS,AL,863,1323,1819
PIKE,AL,967,1537,2311
RANDOLPH,AL,840,1270,2055
RUSSELL,AL,2238,3671,5163
SHELBY,AL,2885,5736,8858
ST. CLAIR,AL,2333,4245,6387
SUMTER,AL,571,922,1371
TALLADEGA,AL,3305,5471,7964
TALLAPOOSA,AL,1817,2727,4015
TUSCALOOSA,AL,5297,9065,13214
WALKER,AL,2493,4278,6071
WASHINGTON,AL,689,1084,1572
WILCOX,AL,469,758,1012
WINSTON,AL,780,1718,2446
ARKANSAS,AR,688,1207,1763
ASHLEY,AR,900,1497,2026
BAXTER,AR,1204,2240,3675
BENTON,AR,5288,10868,16360
BOONE,AR,1154,2417,3707
BRADLEY,AR,502,756,1136
CALHOUN,AR,161,303,434
CARROLL,AR,677,1390,2254
CHICOT,AR,708,1078,1394
CLARK,AR,711,1110,1776
CLAY,AR,694,1162,1747
CLEBURNE,AR,707,1373,2192
CLEVELAND,AR,340,614,775
COLUMBIA,AR,1256,1737,2433
CONWAY,AR,733,1303,1903
CRAIGHEAD,AR,3479,6319,9148
CRAWFORD,AR,2049,4005,5938
CRITTENDEN,AR,2113,3536,4966
CROSS,AR,600,1216,1639
DALLAS,AR,193,495,808
DESHA,AR,766,1244,1621
DREW,AR,740,1228,1563
FAULKNER,AR,3029,5755,7920
FRANKLIN,AR,685,1256,1688
FULTON,AR,644,1232,1619
GARLAND,AR,3190,5675,8007
GRANT,AR,587,906,1540
GREENE,AR,1431,2623,3824
HEMPSTEAD,AR,1061,1577,2215
HOT SPRING,AR,1187,2162,3122
HOWARD,AR,513,979,1377
INDEPENDENCE,AR,1202,2311,3402
IZARD,AR,413,771,1178
JACKSON,AR,642,1151,1689
JEFFERSON,AR,2916,4735,6209
JOHNSON,AR,1093,2048,3035
LAFAYETTE,AR,336,577,815
LAWRENCE,AR,546,1174,1701
LEE,AR,402,677,906
LINCOLN,AR,344,699,999
LITTLE RIVER,AR,325,688,1062
LOGAN,AR,1031,1665,2433
LONOKE,AR,1672,3078,5082
MADISON,AR,632,1339,1681
MARION,AR,627,1097,1664
MILLER,AR,2015,3143,4124
MISSISSIPPI,AR,2265,3748,4938
MONROE,AR,358,590,775
MONTGOMERY,AR,417,716,1086
NEVADA,AR,549,664,985
NEWTON,AR,156,382,638
OUACHITA,AR,1225,1981,2591
PERRY,AR,346,637,876
PHILLIPS,AR,1201,1857,2258
PIKE,AR,377,793,1175
POINSETT,AR,1144,1940,2817
POLK,AR,1050,1672,2384
POPE,AR,1979,3638,5275
PRAIRIE,AR,299,599,955
PULASKI,AR,11764,20646,29225
RANDOLPH,AR,616,1517,2131
SALINE,AR,1809,3392,6071
SCOTT,AR,373,816,1148
SEARCY,AR,316,621,955
SEBASTIAN,AR,4882,8263,11637
SEVIER,AR,707,1142,1642
SHARP,AR,694,1374,1986
ST. FRANCIS,AR,1167,1794,2586
STONE,AR,435,746,1212
UNION,AR,1725,2640,3765
VAN BUREN,AR,667,1175,1824
WASHINGTON,AR,5931,10876,16352
WHITE,AR,2620,4558,6837
WOODRUFF,AR,323,508,709
YELL,AR,761,1620,2300
APACHE,AZ,3878,5639,7132
COCHISE,AZ,4276,7446,10592
COCONINO,AZ,3195,5669,7986
GILA,AZ,2105,3472,4878
GRAHAM,AZ,1237,1816,2579
GREENLEE,AZ,214,408,648
LA PAZ,AZ,867,1382,2140
MARICOPA,AZ,105830,178715,258109
MOHAVE,AZ,6277,11558,18019
NAVAJO,AZ,5347,8265,10605
PIMA,AZ,30594,51464,74142
PINAL,AZ,9452,17077,26902
SANTA CRUZ,AZ,2313,4142,5563
YAVAPAI,AZ,5337,10528,15823
YUMA,AZ,9485,16659,23651
ALAMEDA,CA,25996,45826,66897
ALPINE,CA,11,24,33
AMADOR,CA,483,1238,1755
BUTTE,CA,5931,10576,15261
CALAVERAS,CA,916,1464,2605
COLUSA,CA,578,1202,1785
CONTRA COSTA,CA,18299,32712,47542
DEL NORTE,CA,962,1524,2296
EL DORADO,CA,2637,4776,7172
FRESNO,CA,43477,68889,89525
GLENN,CA,1074,1833,2855
HUMBOLDT,CA,3066,6122,8991
IMPERIAL,CA,7104,11327,14904
INYO,CA,386,580,943
KERN,CA,36117,60198,82006
KINGS,CA,5432,9162,12902
LAKE,CA,2516,3924,5500
LASSEN,CA,623,1111,1468
LOS ANGELES,CA,269779,489773,690587
MADERA,CA,5884,9371,12950
MARIN,CA,2699,4966,7159
MARIPOSA,CA,470,874,1303
MENDOCINO,CA,2804,4698,6841
MERCED,CA,11537,19195,26050
MODOC,CA,196,481,724
MONO,CA,102,226,397
MONTEREY,CA,9602,18780,27432
NAPA,CA,1759,3549,6001
NEVADA,CA,1637,3403,5429
ORANGE,CA,58688,105615,154097
PLACER,CA,5618,9245,13937
PLUMAS,CA,328,621,1062
RIVERSIDE,CA,59152,103822,151666
SACRAMENTO,CA,41948,71204,99011
SAN BENITO,CA,1028,1992,3039
SAN BERNARDINO,CA,65818,113894,161070
SAN DIEGO,CA,65364,118643,174460
SAN FRANCISCO,CA,9984,20671,29168
SAN JOAQUIN,CA,21450,38085,53542
SAN LUIS OBISPO,CA,4354,7680,11945
SAN MATEO,CA,7745,15147,23273
SANTA BARBARA,CA,8540,15907,24705
SANTA CLARA,CA,22536,43644,64816
SANTA CRUZ,CA,4882,8746,12685
SHASTA,CA,5003,8925,13355
SIERRA,CA,32,58,90
SISKIYOU,CA,1550,2693,4012
SOLANO,CA,8512,15225,22186
SONOMA,CA,7350,13391,21136
STANISLAUS,CA,16243,30040,43723
SUTTER,CA,3155,5551,8061
TEHAMA,CA,2385,4375,6215
TRINITY,CA,439,939,1230
TULARE,CA,22410,36765,48070
TUOLUMNE,CA,1145,2045,3148
VENTURA,CA,12979,25650,38513
YOLO,CA,4289,7686,10691
YUBA,CA,2823,4696,6140
ADAMS,CO,9899,19004,28525
ALAMOSA,CO,580,1107,1449
ARAPAHOE,CO,9837,17977,28410
ARCHULETA,CO,275,510,946
BACA,CO,160,303,402
BENT,CO,268,423,564
BOULDER,CO,4042,6901,10201
BROOMFIELD,CO,429,1040,1672
CHAFFEE,CO,336,628,1198
CHEYENNE,CO,34,64,112
CLEAR CREEK,CO,89,229,429
CONEJOS,CO,329,650,889
COSTILLA,CO,265,440,565
CROWLEY,CO,145,215,300
CUSTER,CO,141,217,395
DELTA,CO,924,1692,2341
DENVER,CO,14379,25433,35980
DOLORES,CO,55,106,171
DOUGLAS,CO,2073,3506,6112
EAGLE,CO,456,1113,2013
EL PASO,CO,13376,24285,37095
ELBERT,CO,218,485,775
FREMONT,CO,1275,2449,3523
GARFIELD,CO,892,1775,3062
GILPIN,CO,46,114,143
GRAND,CO,153,470,625
GUNNISON,CO,199,547,772
HINSDALE,CO,22,36,69
HUERFANO,CO,252,403,676
JACKSON,CO,27,40,88
JEFFERSON,CO,6360,11858,19361
KIOWA,CO,33,88,111
KIT CARSON,CO,140,393,588
LA PLATA,CO,578,1358,2084
LAKE,CO,227,508,693
LARIMER,CO,4708,8766,13874
LAS ANIMAS,CO,451,863,1327
LINCOLN,CO,82,132,235
LOGAN,CO,444,960,1404
MESA,CO,4475,7314,9860
MINERAL,CO,18,24,41
MOFFAT,CO,332,631,1017
MONTEZUMA,CO,728,1508,2029
MONTROSE,CO,1423,2217,3198
MORGAN,CO,471,1416,2225
OTERO,CO,989,1599,2174
OURAY,CO,94,158,220
PARK,CO,119,250,674
PHILLIPS,CO,47,174,295
PITKIN,CO,67,180,332
PROWERS,CO,461,805,1220
PUEBLO,CO,5921,9569,13921
RIO BLANCO,CO,147,243,363
RIO GRANDE,CO,390,618,1053
ROUTT,CO,345,502,771
SAGUACHE,CO,201,473,710
SAN JUAN,CO,0,9,26
SAN MIGUEL,CO,72,203,312
SEDGWICK,CO,58,104,170
SUMMIT,CO,216,445,817
TELLER,CO,417,835,1439
WASHINGTON,CO,128,257,372
WELD,CO,5279,10094,15610
YUMA,CO,302,537,924
FAIRFIELD,CT,14950,26509,39108
HARTFORD,CT,17667,30527,43548
LITCHFIELD,CT,1977,3582,5731
MIDDLESEX,CT,1866,3230,5162
NEW HAVEN,CT,17016,28149,40902
NEW LONDON,CT,5007,8383,12623
TOLLAND,CT,984,2289,3700
WINDHAM,CT,2218,3783,5659
DISTRICT OF COLUMBIA,DC,15703,23349,29592
KENT,DE,4642,8125,12165
NEW CASTLE,DE,9601,16218,23631
SUSSEX,DE,4741,8316,13014
ALACHUA,FL,5359,8873,12593
BAKER,FL,734,1273,1929
BAY,FL,4758,8376,12625
BRADFORD,FL,926,1412,1872
BREVARD,FL,12833,23573,35448
BROWARD,FL,44914,82289,121922
CALHOUN,FL,183,656,966
CHARLOTTE,FL,3633,7121,11318
CITRUS,FL,4298,7687,11908
CLAY,FL,4866,9018,12844
COLLIER,FL,7607,14004,21021
COLUMBIA,FL,1716,3304,4706
DESOTO,FL,1677,2908,4034
DIXIE,FL,715,1362,1696
DUVAL,FL,25950,44630,64259
ESCAMBIA,FL,6068,11628,17523
FLAGLER,FL,2252,4576,7099
FRANKLIN,FL,407,712,954
GADSDEN,FL,2014,3038,4374
GILCHRIST,FL,608,1123,1636
GLADES,FL,331,648,952
GULF,FL,371,665,1158
HAMILTON,FL,808,1078,1504
HARDEE,FL,1109,1863,2608
HENDRY,FL,2029,3106,4144
HERNANDO,FL,5001,9393,14828
HIGHLANDS,FL,3554,6417,9579
HILLS,FL,36603,63546,92025
HOLMES,FL,1026,1579,2049
INDIAN RIVER,FL,2307,5022,8175
JACKSON,FL,1833,2934,4221
JEFFERSON,FL,461,850,1196
LAFAYETTE,FL,411,578,702
LAKE,FL,7909,15859,23790
LEE,FL,17157,30122,45316
LEON,FL,6051,10427,15325
LEVY,FL,1686,2969,4096
LIBERTY,FL,183,454,750
MADISON,FL,950,1384,1838
MANATEE,FL,7727,14476,21826
MARION,FL,10590,18283,28011
MARTIN,FL,2689,4909,7330
MIAMI-DADE,FL,87772,162406,228090
MONROE,FL,1340,2474,3645
NASSAU,FL,1719,2854,4550
OKALOOSA,FL,4025,7337,11153
OKEECHOBEE,FL,1612,2692,3856
ORANGE,FL,36786,65326,93945
OSCEOLA,FL,9837,18748,27847
PALM BEACH,FL,30654,56389,84579
PASCO,FL,12469,24104,36191
PINELLAS,FL,19572,35869,55310
POLK,FL,19930,35617,52917
PUTNAM,FL,3171,5227,7228
SANTA ROSA,FL,3383,6358,9738
SARASOTA,FL,6307,12102,19392
SEMINOLE,FL,8781,15984,24223
ST. JOHNS,FL,3215,6348,9210
ST. LUCIE,FL,8260,15514,23036
SUMTER,FL,1830,3447,5870
SUWANNEE,FL,1429,2577,4000
TAYLOR,FL,860,1378,2208
UNION,FL,474,671,985
VOLUSIA,FL,12551,23434,36342
WAKULLA,FL,597,1137,1913
WALTON,FL,1859,3266,4360
WASHINGTON,FL,1020,1724,2429
APPLING,GA,867,1525,2038
ATKINSON,GA,474,768,955
BACON,GA,604,945,1230
BAKER,GA,126,169,353
BALDWIN,GA,1408,2505,3677
BANKS,GA,568,1183,1814
BARROW,GA,1895,3903,5721
BARTOW,GA,2861,5746,8989
BEN HILL,GA,1166,1488,2216
BERRIEN,GA,960,1665,2182
BIBB,GA,7081,10470,13707
BLECKLEY,GA,420,706,1097
BRANTLEY,GA,936,1550,2200
BROOKS,GA,911,1293,1744
BRYAN,GA,1086,1568,2314
BULLOCH,GA,2987,4688,6440
BURKE,GA,1234,1931,2588
BUTTS,GA,1134,1778,2290
CALHOUN,GA,328,504,687
CAMDEN,GA,1597,2919,4362
CANDLER,GA,773,1195,1457
CARROLL,GA,3880,6674,8850
CATOOSA,GA,1197,2337,3869
CHARLTON,GA,347,715,939
CHATHAM,GA,7731,13602,19285
CHATTAHOOCHEE,GA,271,533,814
CHATTOOGA,GA,845,1668,2597
CHEROKEE,GA,3837,6661,10690
CLARKE,GA,4224,7004,8774
CLAY,GA,198,307,399
CLAYTON,GA,10306,18649,26029
CLINCH,GA,546,697,782
COBB,GA,13073,24909,37325
COFFEE,GA,1812,2788,4104
COLQUITT,GA,2177,3698,4836
COLUMBIA,GA,2146,3652,5754
COOK,GA,813,1358,1879
COWETA,GA,3433,5241,8661
CRAWFORD,GA,634,926,1271
CRISP,GA,1444,2145,2769
DADE,GA,487,815,1356
DAWSON,GA,433,667,1317
DECATUR,GA,1443,2119,2733
DEKALB,GA,20033,33953,47196
DODGE,GA,1071,1735,2169
DOOLY,GA,705,1062,1452
DOUGHERTY,GA,5169,7428,9760
DOUGLAS,GA,3695,6609,9279
EARLY,GA,666,1084,1305
ECHOLS,GA,278,323,425
EFFINGHAM,GA,949,1981,3283
ELBERT,GA,751,1274,1989
EMANUEL,GA,1059,1813,2563
EVANS,GA,641,993,1253
FANNIN,GA,652,1316,2002
FAYETTE,GA,1373,2672,4137
FLOYD,GA,3681,5859,8535
FORSYTH,GA,2639,4484,6980
FRANKLIN,GA,1167,1716,2358
FULTON,GA,24325,38803,52002
GILMER,GA,838,1479,2411
GLASCOCK,GA,107,185,210
GLYNN,GA,3216,5019,6902
GORDON,GA,2465,4023,5840
GRADY,GA,1092,1686,2461
GREENE,GA,719,1145,1509
GWINNETT,GA,19713,36638,55326
HABERSHAM,GA,1143,1943,3157
HALL,GA,5143,9183,13545
HANCOCK,GA,326,527,742
HARALSON,GA,1110,1856,2747
HARRIS,GA,521,1093,1875
HART,GA,947,2034,2635
HEARD,GA,390,660,943
HENRY,GA,4842,8924,12833
HOUSTON,GA,5034,8369,11001
IRWIN,GA,317,653,823
JACKSON,GA,1298,2390,3961
JASPER,GA,539,1091,1486
JEFF DAVIS,GA,725,1260,1858
JEFFERSON,GA,684,1071,1494
JENKINS,GA,423,729,939
JOHNSON,GA,378,561,958
JONES,GA,899,1688,2305
LAMAR,GA,634,938,1250
LANIER,GA,530,777,1126
LAURENS,GA,2268,3503,4750
LEE,GA,742,1177,1688
LIBERTY,GA,2450,4638,7060
LINCOLN,GA,374,481,726
LONG,GA,577,1021,1428
LOWNDES,GA,4680,7102,9831
LUMPKIN,GA,693,1532,2190
MACON,GA,674,1014,1325
MADISON,GA,1035,1874,2744
MARION,GA,413,672,849
MCDUFFIE,GA,1147,1754,2145
MCINTOSH,GA,634,953,1331
MERIWETHER,GA,890,1614,2357
MILLER,GA,274,381,516
MITCHELL,GA,977,1719,2548
MONROE,GA,670,1181,1747
MONTGOMERY,GA,347,557,773
MORGAN,GA,417,751,1290
MURRAY,GA,1274,2465,3886
MUSCOGEE,GA,7247,11527,15863
NEWTON,GA,3795,5827,8553
OCONEE,GA,511,976,1637
OGLETHORPE,GA,524,961,1352
PAULDING,GA,3006,5759,9543
PEACH,GA,1169,1826,2501
PICKENS,GA,499,1116,1816
PIERCE,GA,1026,1417,1898
PIKE,GA,415,632,968
POLK,GA,1477,2671,3789
PULASKI,GA,560,818,1004
PUTNAM,GA,545,1197,1859
QUITMAN,GA,137,204,269
RABUN,GA,600,1064,1434
RANDOLPH,GA,478,637,862
RICHMOND,GA,7914,12916,17406
ROCKDALE,GA,2769,4754,6770
SCHLEY,GA,300,439,608
SCREVEN,GA,628,954,1421
SEMINOLE,GA,509,703,1038
SPALDING,GA,2771,4707,6481
STEPHENS,GA,721,1346,2322
STEWART,GA,327,496,544
SUMTER,GA,1604,2415,3194
TALBOT,GA,241,484,666
TALIAFERRO,GA,81,116,191
TATTNALL,GA,973,1757,2312
TAYLOR,GA,505,904,1020
TELFAIR,GA,823,1312,1831
TERRELL,GA,649,876,1088
THOMAS,GA,2011,3453,4643
TIFT,GA,1931,2713,3876
TOOMBS,GA,1147,2137,2886
TOWNS,GA,354,648,904
TREUTLEN,GA,246,453,631
TROUP,GA,2814,4238,6222
TURNER,GA,660,757,851
TWIGGS,GA,369,539,790
UNION,GA,623,1134,1838
UPSON,GA,1099,1722,2448
WALKER,GA,2419,4426,6667
WALTON,GA,2326,4354,6252
WARE,GA,1631,2554,3392
WARREN,GA,312,481,688
WASHINGTON,GA,1113,1548,2189
WAYNE,GA,1015,1910,2729
WEBSTER,GA,139,234,287
WHEELER,GA,255,460,602
WHITE,GA,855,1416,2493
WHITFIELD,GA,3402,6654,10253
WILCOX,GA,269,448,746
WILKES,GA,447,756,987
WILKINSON,GA,428,606,850
WORTH,GA,1042,1601,2132
HAWAII,HI,5428,8446,12012
HONOLULU,HI,12526,22418,35444
KALAWAO,HI,2,2,2
KAUAI,HI,982,1998,2963
MAUI,HI,2502,4246,6693
ADAIR,IA,101,296,424
ADAMS,IA,61,93,218
ALLAMAKEE,IA,225,522,946
APPANOOSE,IA,299,590,947
AUDUBON,IA,125,235,425
BENTON,IA,474,766,1264
BLACK HAWK,IA,3148,5481,7926
BOONE,IA,263,783,1215
BREMER,IA,281,522,870
BUCHANAN,IA,384,639,1049
BUENA VISTA,IA,477,868,1532
BUTLER,IA,280,475,855
CALHOUN,IA,274,442,637
CARROLL,IA,281,519,993
CASS,IA,327,638,925
CEDAR,IA,148,372,645
CERRO GORDO,IA,928,1634,2516
CHEROKEE,IA,166,421,661
CHICKASAW,IA,124,319,585
CLARKE,IA,283,450,748
CLAY,IA,454,824,1239
CLAYTON,IA,238,672,962
CLINTON,IA,972,1936,2868
CRAWFORD,IA,521,795,1179
DALLAS,IA,794,1472,2394
DAVIS,IA,240,387,558
DECATUR,IA,261,497,685
DELAWARE,IA,250,680,1005
DES MOINES,IA,1159,1919,2678
DICKINSON,IA,211,538,878
DUBUQUE,IA,1825,3108,4574
EMMET,IA,205,475,710
FAYETTE,IA,374,788,1227
FLOYD,IA,432,765,1105
FRANKLIN,IA,264,532,829
FREMONT,IA,129,310,483
GREENE,IA,165,358,542
GRUNDY,IA,132,331,566
GUTHRIE,IA,209,374,633
HAMILTON,IA,189,413,755
HANCOCK,IA,200,370,610
HARDIN,IA,224,549,954
HARRISON,IA,296,564,824
HENRY,IA,439,802,1330
HOWARD,IA,201,317,528
HUMBOLDT,IA,218,462,684
IDA,IA,152,251,427
IOWA,IA,266,515,884
JACKSON,IA,418,784,1162
JASPER,IA,606,1307,2376
JEFFERSON,IA,303,612,1233
JOHNSON,IA,2136,3919,5428
JONES,IA,352,784,1188
KEOKUK,IA,172,380,707
KOSSUTH,IA,258,559,912
LEE,IA,1063,1839,2607
LINN,IA,3774,6737,10064
LOUISA,IA,258,521,800
LUCAS,IA,207,379,594
LYON,IA,113,305,596
MADISON,IA,157,332,714
MAHASKA,IA,618,1084,1645
MARION,IA,664,1122,1763
MARSHALL,IA,723,1374,2407
MILLS,IA,200,390,671
MITCHELL,IA,135,360,596
MONONA,IA,269,426,644
MONROE,IA,171,406,557
MONTGOMERY,IA,432,704,900
MUSCATINE,IA,995,1684,2700
O'BRIEN,IA,250,495,710
OSCEOLA,IA,149,216,399
PAGE,IA,284,531,936
PALO ALTO,IA,81,312,478
PLYMOUTH,IA,429,869,1230
POCAHONTAS,IA,133,283,491
POLK,IA,8641,15348,23546
POTTAWATTAMIE,IA,1901,3370,5348
POWESHIEK,IA,368,701,972
RINGGOLD,IA,101,211,358
SAC,IA,216,394,611
SCOTT,IA,3436,5655,8466
SHELBY,IA,199,438,667
SIOUX,IA,396,857,1503
STORY,IA,943,2137,3354
TAMA,IA,362,640,1040
TAYLOR,IA,80,261,388
UNION,IA,306,611,898
VAN BUREN,IA,162,290,498
WAPELLO,IA,1185,2108,3082
WARREN,IA,661,1163,1840
WASHINGTON,IA,450,849,1268
WAYNE,IA,166,339,504
WEBSTER,IA,922,1919,2762
WINNEBAGO,IA,159,361,643
WINNESHIEK,IA,254,471,741
WOODBURY,IA,2455,4748,6854
WORTH,IA,144,216,439
WRIGHT,IA,353,632,998
ADA,ID,7128,12350,19270
ADAMS,ID,73,206,342
BANNOCK,ID,2320,4120,6225
BEAR LAKE,ID,220,335,416
BENEWAH,ID,211,482,675
BINGHAM,ID,1069,2406,3445
BLAINE,ID,537,861,1277
BOISE,ID,207,343,567
BONNER,ID,1135,2129,3092
BONNEVILLE,ID,2514,5089,8009
BOUNDARY,ID,312,513,755
BUTTE,ID,88,137,228
CAMAS,ID,29,54,83
CANYON,ID,5102,11350,17696
CARIBOU,ID,112,285,451
CASSIA,ID,676,1328,2170
CLARK,ID,34,85,117
CLEARWATER,ID,224,383,633
CUSTER,ID,180,211,385
ELMORE,ID,741,1821,2604
FRANKLIN,ID,370,711,1011
FREMONT,ID,412,770,1212
GEM,ID,640,991,1453
GOODING,ID,426,756,1229
IDAHO,ID,384,926,1487
JEFFERSON,ID,386,1044,2007
JEROME,ID,803,1392,2178
KOOTENAI,ID,3893,6486,10642
LATAH,ID,761,1251,1934
LEMHI,ID,142,478,748
LEWIS,ID,77,182,282
LINCOLN,ID,110,281,409
MADISON,ID,2492,3850,4922
MINIDOKA,ID,782,1364,2063
NEZ PERCE,ID,958,1690,2603
ONEIDA,ID,102,176,297
OWYHEE,ID,521,904,1182
PAYETTE,ID,580,1153,1705
POWER,ID,125,378,587
SHOSHONE,ID,402,772,1100
TETON,ID,114,335,489
TWIN FALLS,ID,2264,4310,6456
VALLEY,ID,86,148,529
WASHINGTON,ID,358,764,1112
ADAMS,IL,1454,2598,4157
ALEXANDER,IL,341,471,635
BOND,IL,326,630,840
BOONE,IL,1094,2013,3386
BROWN,IL,81,151,258
BUREAU,IL,897,1588,2280
CALHOUN,IL,113,173,248
CARROLL,IL,370,556,896
CASS,IL,369,691,1102
CHAMPAIGN,IL,4060,6935,9841
CHRISTIAN,IL,814,1525,2219
CLARK,IL,469,881,1286
CLAY,IL,458,692,993
CLINTON,IL,599,1125,1660
COLES,IL,1641,2750,3476
COOK,IL,135236,232039,325268
CRAWFORD,IL,459,807,1320
CUMBERLAND,IL,303,495,692
DE WITT,IL,364,635,911
DEKALB,IL,2173,3410,5072
DOUGLAS,IL,564,1025,1347
DUPAGE,IL,11361,20650,31789
EDGAR,IL,503,801,1267
EDWARDS,IL,150,247,440
EFFINGHAM,IL,772,1299,1945
FAYETTE,IL,731,1289,1855
FORD,IL,444,697,917
FRANKLIN,IL,1520,2550,3502
FULTON,IL,1037,1793,2455
GALLATIN,IL,228,410,574
GREENE,IL,353,605,983
GRUNDY,IL,956,1392,2245
HAMILTON,IL,131,284,526
HANCOCK,IL,386,824,1222
HARDIN,IL,82,157,248
HENDERSON,IL,101,248,481
HENRY,IL,1184,1963,2878
IROQUOIS,IL,795,1395,2042
JACKSON,IL,1897,3080,4136
JASPER,IL,232,351,522
JEFFERSON,IL,1387,2036,2886
JERSEY,IL,356,732,1075
JO DAVIESS,IL,348,756,1186
JOHNSON,IL,235,497,853
KANE,IL,9653,17046,26132
KANKAKEE,IL,2790,4555,6179
KENDALL,IL,1113,2017,4403
KNOX,IL,1332,2291,3226
LA SALLE,IL,2938,4695,6905
LAKE,IL,11160,21012,30646
LAWRENCE,IL,570,914,1372
LEE,IL,499,1011,1754
LIVINGSTON,IL,949,1722,2418
LOGAN,IL,347,858,1357
MACON,IL,3164,5130,7105
MACOUPIN,IL,1181,2033,3055
MADISON,IL,6925,10803,15224
MARION,IL,1421,2333,3225
MARSHALL,IL,277,460,658
MASON,IL,472,847,1237
MASSAC,IL,547,881,1337
MCDONOUGH,IL,625,1066,1566
MCHENRY,IL,4263,7261,11356
MCLEAN,IL,3073,5163,7306
MENARD,IL,254,404,677
MERCER,IL,417,620,863
MONROE,IL,371,686,1117
MONTGOMERY,IL,865,1339,1952
MORGAN,IL,912,1555,2350
MOULTRIE,IL,242,524,818
OGLE,IL,934,2013,3188
PEORIA,IL,5185,8601,11660
PERRY,IL,643,1020,1551
PIATT,IL,167,353,661
PIKE,IL,400,915,1311
POPE,IL,99,133,293
PULASKI,IL,158,395,551
PUTNAM,IL,68,140,277
RANDOLPH,IL,637,1353,1851
RICHLAND,IL,357,671,1096
ROCK ISLAND,IL,4306,6640,9793
SALINE,IL,1214,1867,2428
SANGAMON,IL,5500,8568,11375
SCHUYLER,IL,115,209,389
SCOTT,IL,137,227,333
SHELBY,IL,553,1145,1626
ST. CLAIR,IL,7888,12574,17089
STARK,IL,159,287,347
STEPHENSON,IL,1267,2306,3543
TAZEWELL,IL,2125,4413,6905
UNION,IL,562,997,1429
VERMILION,IL,2949,4577,6402
WABASH,IL,272,554,823
WARREN,IL,405,818,1294
WASHINGTON,IL,220,421,705
WAYNE,IL,473,837,1316
WHITE,IL,330,742,1084
WHITESIDE,IL,1115,2269,3684
WILL,IL,9201,17429,26290
WILLIAMSON,IL,1754,2983,4416
WINNEBAGO,IL,8566,14586,20821
WOODFORD,IL,604,1109,1724
ADAMS,IN,1112,1869,2525
ALLEN,IN,9833,17444,25025
BARTHOLOMEW,IN,1917,3079,4783
BENTON,IN,222,465,697
BLACKFORD,IN,311,636,1071
BOONE,IN,589,1317,2347
BROWN,IN,230,580,939
CARROLL,IN,397,781,1306
CASS,IN,990,1857,2748
CLARK,IN,1969,4284,6382
CLAY,IN,835,1402,2029
CLINTON,IN,571,1206,2097
CRAWFORD,IN,315,644,861
DAVIESS,IN,706,1449,2431
DE KALB,IN,886,1576,2756
DEARBORN,IN,828,1659,2458
DECATUR,IN,688,1098,1715
DELAWARE,IN,3547,6037,8618
DUBOIS,IN,1039,1427,2157
ELKHART,IN,5212,9331,14299
FAYETTE,IN,983,1525,2171
FLOYD,IN,1523,2554,3748
FOUNTAIN,IN,400,771,1327
FRANKLIN,IN,427,1162,1679
FULTON,IN,524,796,1260
GIBSON,IN,608,1325,2159
GRANT,IN,2589,4130,5911
GREENE,IN,898,1601,2384
HAMILTON,IN,2902,5525,9469
HANCOCK,IN,1064,1998,3018
HARRISON,IN,737,1420,2208
HENDRICKS,IN,1591,2948,5074
HENRY,IN,1445,2559,3621
HOWARD,IN,2963,4322,6102
HUNTINGTON,IN,687,1561,2354
JACKSON,IN,1463,2395,3434
JASPER,IN,596,1135,1942
JAY,IN,582,1080,1574
JEFFERSON,IN,913,1526,2457
JENNINGS,IN,786,1350,1938
JOHNSON,IN,2436,4554,7147
KNOX,IN,1240,2129,2947
KOSCIUSKO,IN,1566,2887,4984
LA PORTE,IN,3427,5645,7648
LAGRANGE,IN,481,1276,2395
LAKE,IN,15834,24794,34282
LAWRENCE,IN,1313,2425,3716
MADISON,IN,4503,7702,10585
MARION,IN,28908,48781,68565
MARSHALL,IN,911,2081,3238
MARTIN,IN,245,475,628
MIAMI,IN,1005,2005,3009
MONROE,IN,3411,5250,7591
MONTGOMERY,IN,619,1380,2480
MORGAN,IN,1483,2453,3892
NEWTON,IN,337,699,1135
NOBLE,IN,690,1800,3154
OHIO,IN,71,118,207
ORANGE,IN,715,1167,1771
OWEN,IN,576,1099,1662
PARKE,IN,427,818,1289
PERRY,IN,633,993,1306
PIKE,IN,238,491,752
PORTER,IN,3525,5599,7937
POSEY,IN,512,829,1272
PULASKI,IN,303,569,994
PUTNAM,IN,779,1438,2308
RANDOLPH,IN,717,1263,1985
RIPLEY,IN,607,1127,1896
RUSH,IN,594,885,1324
SCOTT,IN,738,1397,1993
SHELBY,IN,853,1617,2506
SPENCER,IN,361,731,1133
ST. JOSEPH,IN,7297,12405,17675
STARKE,IN,516,1165,1886
STEUBEN,IN,666,1193,2203
SULLIVAN,IN,515,1118,1653
SWITZERLAND,IN,520,810,1015
TIPPECANOE,IN,3667,6309,9724
TIPTON,IN,259,544,876
UNION,IN,82,245,478
VANDERBURGH,IN,5533,9119,13053
VERMILLION,IN,478,680,1167
VIGO,IN,3240,5880,8225
WABASH,IN,809,1473,2349
WARREN,IN,176,291,493
WARRICK,IN,976,1806,2811
WASHINGTON,IN,855,1495,2381
WAYNE,IN,2122,3720,5485
WELLS,IN,450,942,1548
WHITE,IN,385,914,1463
WHITLEY,IN,658,1169,1806
ALLEN,KS,378,650,912
ANDERSON,KS,165,345,569
ATCHISON,KS,414,618,908
BARBER,KS,138,232,325
BARTON,KS,787,1415,1984
BOURBON,KS,433,992,1463
BROWN,KS,231,467,744
BUTLER,KS,1265,2302,3685
CHASE,KS,59,118,171
CHAUTAUQUA,KS,128,215,313
CHEROKEE,KS,605,1274,1912
CHEYENNE,KS,46,125,166
CLARK,KS,49,106,140
CLAY,KS,99,213,385
CLOUD,KS,165,491,792
COFFEY,KS,182,297,493
COMANCHE,KS,14,33,78
COWLEY,KS,966,1828,2754
CRAWFORD,KS,1212,2059,2911
DECATUR,KS,117,146,215
DICKINSON,KS,390,834,1377
DONIPHAN,KS,234,363,500
DOUGLAS,KS,1918,3326,4687
EDWARDS,KS,47,129,199
ELK,KS,74,138,250
ELLIS,KS,561,982,1331
ELLSWORTH,KS,118,219,366
FINNEY,KS,1022,2106,3063
FORD,KS,891,1897,2947
FRANKLIN,KS,376,806,1615
GEARY,KS,993,2091,2984
GOVE,KS,89,138,227
GRAHAM,KS,45,121,204
GRANT,KS,45,260,506
GRAY,KS,68,153,282
GREELEY,KS,20,50,77
GREENWOOD,KS,150,335,592
HAMILTON,KS,34,101,182
HARPER,KS,135,242,428
HARVEY,KS,708,1175,1804
HASKELL,KS,108,223,319
HODGEMAN,KS,36,53,117
JACKSON,KS,241,426,733
JEFFERSON,KS,289,548,1012
JEWELL,KS,92,199,263
JOHNSON,KS,5875,11100,18461
KEARNY,KS,130,217,271
KINGMAN,KS,133,243,407
KIOWA,KS,23,77,137
LABETTE,KS,746,1154,1651
LANE,KS,26,69,100
LEAVENWORTH,KS,1186,2119,3447
LINCOLN,KS,54,95,169
LINN,KS,364,655,956
LOGAN,KS,38,99,179
LYON,KS,704,1547,2470
MARION,KS,173,375,776
MARSHALL,KS,156,422,689
MCPHERSON,KS,506,1090,1643
MEADE,KS,114,198,265
MIAMI,KS,474,847,1382
MITCHELL,KS,123,250,413
MONTGOMERY,KS,1155,2054,2979
MORRIS,KS,83,199,347
MORTON,KS,42,100,193
NEMAHA,KS,197,350,558
NEOSHO,KS,559,945,1313
NESS,KS,50,154,222
NORTON,KS,89,140,360
OSAGE,KS,339,645,920
OSBORNE,KS,83,138,204
OTTAWA,KS,111,239,398
PAWNEE,KS,54,232,411
PHILLIPS,KS,99,250,367
POTTAWATOMIE,KS,562,954,1284
PRATT,KS,146,316,570
RAWLINS,KS,45,104,166
RENO,KS,1318,2648,4175
REPUBLIC,KS,78,153,248
RICE,KS,316,477,719
RILEY,KS,1021,2225,3561
ROOKS,KS,65,189,306
RUSH,KS,34,109,176
RUSSELL,KS,49,177,385
SALINE,KS,1107,2074,3420
SCOTT,KS,10,125,218
SEDGWICK,KS,12440,21849,32569
SEWARD,KS,754,1491,2140
SHAWNEE,KS,3674,6700,10457
SHERIDAN,KS,13,115,178
SHERMAN,KS,264,334,457
SMITH,KS,79,183,307
STAFFORD,KS,116,236,321
STANTON,KS,47,59,122
STEVENS,KS,238,309,416
SUMNER,KS,612,991,1418
THOMAS,KS,153,374,580
TREGO,KS,76,131,184
WABAUNSEE,KS,68,160,358
WALLACE,KS,28,45,82
WASHINGTON,KS,115,217,349
WICHITA,KS,19,97,179
WILSON,KS,227,500,774
WOODSON,KS,112,210,305
WYANDOTTE,KS,6164,10719,15135
ADAIR,KY,756,1360,2020
ALLEN,KY,851,1504,2073
ANDERSON,KY,658,1077,1728
BALLARD,KY,259,430,603
BARREN,KY,1869,3195,4437
BATH,KY,496,884,1231
BELL,KY,2269,3281,4152
BOONE,KY,1802,3557,5783
BOURBON,KY,635,1088,1560
BOYD,KY,1878,2869,3982
BOYLE,KY,698,1663,2428
BRACKEN,KY,313,470,683
BREATHITT,KY,1079,1591,2089
BRECKINRIDGE,KY,728,1185,1783
BULLITT,KY,1697,2979,4478
BUTLER,KY,551,977,1345
CALDWELL,KY,415,736,1096
CALLOWAY,KY,1177,1912,2687
CAMPBELL,KY,2128,3365,5097
CARLISLE,KY,208,396,494
CARROLL,KY,630,824,1007
CARTER,KY,1446,2254,3101
CASEY,KY,865,1471,1917
CHRISTIAN,KY,2722,5199,7316
CLARK,KY,1113,1934,2780
CLAY,KY,1828,2524,3225
CLINTON,KY,414,956,1218
CRITTENDEN,KY,250,551,792
CUMBERLAND,KY,321,533,749
DAVIESS,KY,3205,5556,7778
EDMONSON,KY,356,883,1271
ELLIOTT,KY,492,770,971
ESTILL,KY,1111,1387,1768
FAYETTE,KY,8791,13875,19133
FLEMING,KY,585,1093,1593
FLOYD,KY,2655,3875,4956
FRANKLIN,KY,1117,1860,2683
FULTON,KY,394,573,675
GALLATIN,KY,245,475,735
GARRARD,KY,661,992,1431
GRANT,KY,931,1515,2313
GRAVES,KY,1245,2305,2909
GRAYSON,KY,1285,2044,2867
GREEN,KY,386,792,1169
GREENUP,KY,1191,2125,2947
HANCOCK,KY,227,464,650
HARDIN,KY,2954,5198,7652
HARLAN,KY,2474,3597,4367
HARRISON,KY,548,915,1318
HART,KY,763,1352,2036
HENDERSON,KY,1551,2441,3604
HENRY,KY,618,977,1339
HICKMAN,KY,99,256,361
HOPKINS,KY,1693,2781,4148
JACKSON,KY,1006,1423,1878
JEFFERSON,KY,19389,32467,46745
JESSAMINE,KY,1954,2840,3819
JOHNSON,KY,1042,1669,2298
KENTON,KY,3880,6402,9186
KNOTT,KY,1199,1849,2342
KNOX,KY,2208,3367,4211
LARUE,KY,406,936,1400
LAUREL,KY,2971,4683,6581
LAWRENCE,KY,889,1362,1917
LEE,KY,429,666,775
LESLIE,KY,765,1024,1296
LETCHER,KY,1863,2606,3458
LEWIS,KY,815,1329,1632
LINCOLN,KY,1243,1967,2676
LIVINGSTON,KY,263,550,815
LOGAN,KY,817,1600,2258
LYON,KY,182,288,465
MADISON,KY,2749,4259,5936
MAGOFFIN,KY,829,1286,1814
MARION,KY,666,1131,1586
MARSHALL,KY,760,1605,2390
MARTIN,KY,698,1021,1516
MASON,KY,534,1028,1507
MCCRACKEN,KY,1994,3357,4560
MCCREARY,KY,1287,2017,2786
MCLEAN,KY,336,577,744
MEADE,KY,754,1302,2016
MENIFEE,KY,310,467,661
MERCER,KY,615,1078,1641
METCALFE,KY,518,902,1304
MONROE,KY,475,684,1130
MONTGOMERY,KY,1289,2208,2955
MORGAN,KY,747,1366,1645
MUHLENBERG,KY,1063,1874,2627
NELSON,KY,980,1786,2892
NICHOLAS,KY,318,532,763
OHIO,KY,985,1501,2388
OLDHAM,KY,715,1087,1889
OWEN,KY,317,635,1087
OWSLEY,KY,348,443,587
PENDLETON,KY,474,719,1023
PERRY,KY,1759,2731,3650
PIKE,KY,3853,5887,7628
POWELL,KY,556,985,1401
PULASKI,KY,3058,4799,6322
ROBERTSON,KY,109,134,188
ROCKCASTLE,KY,872,1416,1859
ROWAN,KY,1003,1761,2115
RUSSELL,KY,878,1253,1907
SCOTT,KY,1361,2261,3003
SHELBY,KY,957,1891,3066
SIMPSON,KY,599,889,1449
SPENCER,KY,360,614,892
TAYLOR,KY,1185,1898,2514
TODD,KY,526,804,1398
TRIGG,KY,339,665,1074
TRIMBLE,KY,375,583,800
UNION,KY,349,725,1136
WARREN,KY,3720,6292,8690
WASHINGTON,KY,407,638,873
WAYNE,KY,942,1542,2201
WEBSTER,KY,543,909,1221
WHITLEY,KY,1891,2742,4047
WOLFE,KY,532,849,963
WOODFORD,KY,742,1041,1402
ACADIA,LA,2964,4520,6075
ALLEN,LA,819,1377,1973
ASCENSION,LA,2848,4415,6217
ASSUMPTION,LA,875,1531,2059
AVOYELLES,LA,1834,3040,4228
BEAUREGARD,LA,1122,1892,2600
BIENVILLE,LA,889,1424,1763
BOSSIER,LA,4198,6970,9685
CADDO,LA,10553,16938,22240
CALCASIEU,LA,6579,11217,16090
CALDWELL,LA,428,793,961
CAMERON,LA,214,520,649
CATAHOULA,LA,452,688,862
CLAIBORNE,LA,1006,1524,1880
CONCORDIA,LA,1064,1859,2168
DE SOTO,LA,1425,1986,2460
EAST BATON ROUGE,LA,12088,19738,27655
EAST CARROLL,LA,498,642,784
EAST FELICIANA,LA,787,1249,1735
EVANGELINE,LA,1620,2801,3692
FRANKLIN,LA,1162,1649,2330
GRANT,LA,650,1107,1577
IBERIA,LA,3175,4888,6522
IBERVILLE,LA,1021,1845,2668
JACKSON,LA,811,1216,1591
JEFFERSON DAVIS,LA,1351,2230,3087
JEFFERSON,LA,12820,22107,30873
LAFAYETTE,LA,6447,11509,16270
LAFOURCHE,LA,2996,4994,7462
LASALLE,LA,749,1019,1497
LINCOLN,LA,1902,3171,3843
LIVINGSTON,LA,3367,6244,9163
MADISON,LA,774,1105,1370
MOREHOUSE,LA,1478,2128,2630
NATCHITOCHES,LA,1477,2418,3280
ORLEANS,LA,13048,20646,27184
OUACHITA,LA,6908,10611,13735
PLAQUEMINES,LA,1158,1516,2062
POINTE COUPEE,LA,638,1026,1709
RAPIDES,LA,5015,8585,11236
RED RIVER,LA,420,637,885
RICHLAND,LA,1202,1785,2263
SABINE,LA,824,1407,2115
ST. BERNARD,LA,1801,3059,4130
ST. CHARLES,LA,1244,1929,2946
ST. HELENA,LA,423,831,1110
ST. JAMES,LA,654,1204,1786
ST. JOHN THE BAPTIST,LA,1881,2572,3701
ST. LANDRY,LA,4851,6926,8974
ST. MARTIN,LA,2011,3433,4943
ST. MARY,LA,1655,3167,4500
ST. TAMMANY,LA,5397,9327,14008
TANGIPAHOA,LA,5325,8404,11440
TENSAS,LA,292,512,590
TERREBONNE,LA,4451,6770,9263
UNION,LA,647,1084,1466
VERMILION,LA,1684,2995,4401
VERNON,LA,1698,3130,4581
WASHINGTON,LA,2271,3754,4897
WEBSTER,LA,2055,3871,5231
WEST BATON ROUGE,LA,854,1328,1981
WEST CARROLL,LA,447,937,1168
WEST FELICIANA,LA,314,407,612
WINN,LA,680,1141,1416
BARNSTABLE,MA,2560,5226,8382
BERKSHIRE,MA,2558,4371,6565
BRISTOL,MA,12420,20976,30405
DUKES,MA,102,203,669
ESSEX,MA,15730,26413,37678
FRANKLIN,MA,1052,2132,3403
HAMPDEN,MA,15450,25127,33792
HAMPSHIRE,MA,2106,3494,5260
MIDDLESEX,MA,20030,33515,49343
NANTUCKET,MA,85,147,173
NORFOLK,MA,7346,12181,18386
PLYMOUTH,MA,7199,12256,18506
SUFFOLK,MA,22319,35251,47135
WORCESTER,MA,14142,23478,35577
ALLEGANY,MD,1828,3361,4827
ANNE ARUNDEL,MD,5734,10472,16160
BALTIMORE,MD,12259,21942,34411
BALTIMORE CITY,MD,20231,31653,43380
CALVERT,MD,726,1491,2226
CAROLINE,MD,910,1795,2492
CARROLL,MD,1515,2703,4310
CECIL,MD,1698,3264,4922
CHARLES,MD,1932,3733,5844
DORCHESTER,MD,1044,1704,2403
FREDERICK,MD,2862,5447,8119
GARRETT,MD,509,1354,2288
HARFORD,MD,3567,6038,9263
HOWARD,MD,3276,5521,7783
KENT,MD,372,649,1021
MONTGOMERY,MD,12019,23187,35442
PRINCE GEORGE'S,MD,12556,23698,37354
QUEEN ANNE'S,MD,409,800,1376
SOMERSET,MD,878,1506,2138
ST. MARY'S,MD,1704,2757,4196
TALBOT,MD,745,1471,1909
WASHINGTON,MD,3562,5913,8913
WICOMICO,MD,2285,4269,6473
WORCESTER,MD,874,1620,2468
ANDROSCOGGIN,ME,2434,4583,6895
AROOSTOOK,ME,2174,4217,6225
CUMBERLAND,ME,4097,7022,10897
FRANKLIN,ME,590,1255,2019
HANCOCK,ME,1115,1905,3443
KENNEBEC,ME,2734,5447,7874
KNOX,ME,849,1396,2312
LINCOLN,ME,758,1497,2176
OXFORD,ME,1472,2711,4097
PENOBSCOT,ME,3692,6259,9630
PISCATAQUIS,ME,535,905,1485
SAGADAHOC,ME,702,1274,2028
SOMERSET,ME,1739,3057,4562
WALDO,ME,935,1779,2854
WASHINGTON,ME,1105,1944,2894
YORK,ME,2710,5323,9215
ALCONA,MI,346,604,970
ALGER,MI,165,323,531
ALLEGAN,MI,2415,4454,7041
ALPENA,MI,790,1499,2345
ANTRIM,MI,583,1093,1777
ARENAC,MI,535,973,1394
BARAGA,MI,217,406,641
BARRY,MI,927,2036,3509
BAY,MI,3332,5191,7396
BENZIE,MI,203,533,892
BERRIEN,MI,5101,8759,12215
BRANCH,MI,1116,2131,3313
CALHOUN,MI,4371,7258,10470
CASS,MI,1317,2172,3531
CHARLEVOIX,MI,561,1080,1555
CHEBOYGAN,MI,775,1453,2140
CHIPPEWA,MI,1138,1876,2727
CLARE,MI,1356,2242,3312
CLINTON,MI,1042,1955,3198
CRAWFORD,MI,432,744,1144
DELTA,MI,901,1948,2754
DICKINSON,MI,572,1095,1756
EATON,MI,2062,3515,5640
EMMET,MI,588,1410,2165
GENESEE,MI,16240,25362,34451
GLADWIN,MI,916,1614,2322
GOGEBIC,MI,449,763,1114
GRAND TRAVERSE,MI,1568,2899,4964
GRATIOT,MI,1375,2236,3210
HILLSDALE,MI,1338,2403,3571
HOUGHTON,MI,668,1377,2158
HURON,MI,786,1476,2327
INGHAM,MI,7192,11569,16611
IONIA,MI,1500,2640,4155
IOSCO,MI,794,1450,2267
IRON,MI,219,527,804
ISABELLA,MI,1649,2765,4020
JACKSON,MI,4136,7433,11058
KALAMAZOO,MI,5766,9489,13895
KALKASKA,MI,638,1039,1630
KENT,MI,13045,24202,36907
KEWEENAW,MI,65,117,184
LAKE,MI,385,723,960
LAPEER,MI,1723,3468,5216
LEELANAU,MI,162,481,976
LENAWEE,MI,2111,3905,5941
LIVINGSTON,MI,1927,3504,6119
LUCE,MI,143,244,441
MACKINAC,MI,364,641,913
MACOMB,MI,19496,34842,50715
MANISTEE,MI,471,860,1539
MARQUETTE,MI,1367,2395,3434
MASON,MI,861,1441,2061
MECOSTA,MI,1247,1944,2909
MENOMINEE,MI,570,1005,1662
MIDLAND,MI,1684,3297,4822
MISSAUKEE,MI,467,879,1374
MONROE,MI,2951,5372,8453
MONTCALM,MI,1994,3393,5143
MONTMORENCY,MI,301,526,887
MUSKEGON,MI,5531,9431,13842
NEWAYGO,MI,1717,2897,4186
OAKLAND,MI,18665,32134,48510
OCEANA,MI,824,1664,2578
OGEMAW,MI,780,1515,2189
ONTONAGON,MI,172,322,496
OSCEOLA,MI,858,1457,2099
OSCODA,MI,288,474,748
OTSEGO,MI,649,1267,1891
OTTAWA,MI,3452,7037,12000
PRESQUE ISLE,MI,374,600,947
ROSCOMMON,MI,890,1399,2251
SAGINAW,MI,6288,10355,14734
SANILAC,MI,1232,2338,3649
SCHOOLCRAFT,MI,281,407,639
SHIAWASSEE,MI,1643,3003,4481
ST. CLAIR,MI,4103,6774,9837
ST. JOSEPH,MI,1824,3141,4785
TUSCOLA,MI,1534,2842,4431
VAN BUREN,MI,2061,3982,5542
WASHTENAW,MI,5311,8876,12845
WAYNE,MI,73960,112239,148462
WEXFORD,MI,1012,1981,2836
AITKIN,MN,432,891,1413
ANOKA,MN,3819,7748,12658
BECKER,MN,753,1302,2004
BELTRAMI,MN,1431,2410,3315
BENTON,MN,809,1514,2435
BIG STONE,MN,106,186,282
BLUE EARTH,MN,1192,2190,3337
BROWN,MN,390,750,1343
CARLTON,MN,557,1161,1831
CARVER,MN,561,1132,1961
CASS,MN,885,1629,2385
CHIPPEWA,MN,252,536,775
CHISAGO,MN,422,1035,1615
CLAY,MN,880,1592,2399
CLEARWATER,MN,275,472,722
COOK,MN,163,268,423
COTTONWOOD,MN,291,535,829
CROW WING,MN,1232,2563,3811
DAKOTA,MN,4747,8951,14263
DODGE,MN,212,507,940
DOUGLAS,MN,497,1133,1885
FARIBAULT,MN,318,545,849
FILLMORE,MN,368,642,1093
FREEBORN,MN,745,1400,2117
GOODHUE,MN,799,1349,2066
GRANT,MN,119,257,447
HENNEPIN,MN,18669,32726,47156
HOUSTON,MN,282,563,802
HUBBARD,MN,417,849,1381
ISANTI,MN,473,971,1623
ITASCA,MN,1133,1965,3152
JACKSON,MN,132,370,603
KANABEC,MN,324,687,1042
KANDIYOHI,MN,846,1920,2779
KITTSON,MN,62,151,258
KOOCHICHING,MN,342,577,825
LAC QUI PARLE,MN,123,260,473
LAKE,MN,155,320,612
LAKE OF THE WOODS,MN,68,141,209
LE SUEUR,MN,455,800,1367
LINCOLN,MN,104,212,333
LYON,MN,650,1052,1549
MAHNOMEN,MN,173,339,457
MARSHALL,MN,132,275,484
MARTIN,MN,471,667,1112
MCLEOD,MN,472,1213,1956
MEEKER,MN,227,670,1086
MILLE LACS,MN,631,1154,1879
MORRISON,MN,664,1298,2148
MOWER,MN,730,1637,2383
MURRAY,MN,104,250,415
NICOLLET,MN,424,819,1377
NOBLES,MN,535,971,1559
NORMAN,MN,110,212,406
OLMSTED,MN,2303,4089,5956
OTTER TAIL,MN,956,1861,3428
PENNINGTON,MN,239,468,735
PINE,MN,538,1106,1810
PIPESTONE,MN,197,376,641
POLK,MN,531,1026,1490
POPE,MN,134,308,532
RAMSEY,MN,12413,21005,29109
RED LAKE,MN,62,136,217
REDWOOD,MN,321,564,1048
RENVILLE,MN,244,445,786
RICE,MN,1012,2019,2981
ROCK,MN,169,313,544
ROSEAU,MN,285,498,843
SCOTT,MN,1577,2627,4236
SHERBURNE,MN,1113,2101,3150
SIBLEY,MN,177,419,791
ST. LOUIS,MN,3987,6851,10199
STEARNS,MN,2686,5072,7740
STEELE,MN,635,1198,1794
STEVENS,MN,117,242,390
SWIFT,MN,256,487,662
TODD,MN,553,1032,1691
TRAVERSE,MN,112,159,249
WABASHA,MN,228,540,890
WADENA,MN,380,680,1120
WASECA,MN,354,708,1109
WASHINGTON,MN,2215,4299,6962
WATONWAN,MN,257,449,696
WILKIN,MN,116,223,371
WINONA,MN,701,1291,1934
WRIGHT,MN,1019,2598,4191
YELLOW MEDICINE,MN,289,428,657
ADAIR,MO,563,887,1388
ANDREW,MO,289,734,1151
ATCHISON,MO,92,199,372
AUDRAIN,MO,636,1221,1917
BARRY,MO,1368,2265,3491
BARTON,MO,519,797,1138
BATES,MO,392,891,1442
BENTON,MO,615,1057,1707
BOLLINGER,MO,406,767,1153
BOONE,MO,3693,6096,8963
BUCHANAN,MO,2561,4138,5920
BUTLER,MO,1788,3146,4164
CALDWELL,MO,230,543,707
CALLAWAY,MO,1042,1653,2472
CAMDEN,MO,1327,2044,2798
CAPE GIRARDEAU,MO,1671,2879,4417
CARROLL,MO,272,564,819
CARTER,MO,194,345,522
CASS,MO,2046,3419,5492
CEDAR,MO,473,965,1542
CHARITON,MO,142,331,509
CHRISTIAN,MO,1558,3525,5530
CLARK,MO,164,339,549
CLAY,MO,3240,6506,10363
CLINTON,MO,545,990,1322
COLE,MO,1521,2768,4036
COOPER,MO,302,691,1129
CRAWFORD,MO,906,1742,2355
DADE,MO,310,551,853
DALLAS,MO,600,1183,1873
DAVIESS,MO,169,361,562
DEKALB,MO,255,468,698
DENT,MO,585,1008,1389
DOUGLAS,MO,556,1216,1835
DUNKLIN,MO,1614,2656,3450
FRANKLIN,MO,2285,4129,6588
GASCONADE,MO,276,546,922
GENTRY,MO,210,346,593
GREENE,MO,8008,14112,21287
GRUNDY,MO,280,454,715
HARRISON,MO,346,582,835
HENRY,MO,831,1281,1759
HICKORY,MO,320,614,902
HOLT,MO,108,221,368
HOWARD,MO,230,506,719
HOWELL,MO,1740,3196,4495
IRON,MO,462,707,1184
JACKSON,MO,18147,30691,44258
JASPER,MO,3781,6456,9586
JEFFERSON,MO,4726,8319,12755
JOHNSON,MO,998,1928,3352
KNOX,MO,130,195,330
LACLEDE,MO,1186,2497,3536
LAFAYETTE,MO,798,1519,2409
LAWRENCE,MO,1304,2509,3808
LEWIS,MO,212,410,636
LINCOLN,MO,1344,2497,3819
LINN,MO,396,651,1082
LIVINGSTON,MO,476,776,1099
MACON,MO,403,812,1341
MADISON,MO,372,747,1193
MARIES,MO,204,370,658
MARION,MO,989,1697,2551
MCDONALD,MO,953,1749,2612
MERCER,MO,54,107,234
MILLER,MO,878,1534,2283
MISSISSIPPI,MO,782,1399,1866
MONITEAU,MO,330,568,1049
MONROE,MO,232,511,680
MONTGOMERY,MO,400,780,1093
MORGAN,MO,870,1366,2106
NEW MADRID,MO,921,1560,2125
NEWTON,MO,1525,3003,5059
NODAWAY,MO,652,961,1507
OREGON,MO,482,852,1210
OSAGE,MO,100,329,690
OZARK,MO,485,853,1133
PEMISCOT,MO,887,1428,1960
PERRY,MO,355,931,1425
PETTIS,MO,1331,2439,3778
PHELPS,MO,1575,2515,3683
PIKE,MO,449,857,1322
PLATTE,MO,1158,2220,3621
POLK,MO,792,1860,2735
PULASKI,MO,1148,1908,2970
PUTNAM,MO,182,337,455
RALLS,MO,237,409,614
RANDOLPH,MO,590,1090,1709
RAY,MO,569,824,1226
REYNOLDS,MO,240,414,655
RIPLEY,MO,704,1149,1555
SALINE,MO,544,1164,1700
SCHUYLER,MO,96,211,342
SCOTLAND,MO,128,275,397
SCOTT,MO,1695,2670,3763
SHANNON,MO,446,663,904
SHELBY,MO,165,317,520
ST. CHARLES,MO,3842,7166,11425
ST. CLAIR,MO,289,604,827
ST. FRANCOIS,MO,1869,3191,5098
ST. LOUIS,MO,17446,30978,47673
ST. LOUIS CITY,MO,12030,19088,24713
STE. GENEVIEVE,MO,680,1033,1355
STODDARD,MO,758,1558,2696
STONE,MO,733,1751,2468
SULLIVAN,MO,142,308,497
TANEY,MO,1888,3558,5328
TEXAS,MO,1067,1925,2777
VERNON,MO,393,1158,1830
WARREN,MO,828,1466,2097
WASHINGTON,MO,1095,1781,2968
WAYNE,MO,545,1034,1477
WEBSTER,MO,1169,2298,3349
WORTH,MO,54,100,140
WRIGHT,MO,956,1721,2385
ADAMS,MS,2198,3014,3644
ALCORN,MS,1339,2666,3760
AMITE,MS,711,991,1478
ATTALA,MS,1066,1647,2496
BENTON,MS,432,594,745
BOLIVAR,MS,2135,3139,3884
CALHOUN,MS,716,1154,1512
CARROLL,MS,299,505,649
CHICKASAW,MS,822,1376,1981
CHOCTAW,MS,303,413,639
CLAIBORNE,MS,687,985,1129
CLARKE,MS,654,1045,1515
CLAY,MS,1035,1780,2383
COAHOMA,MS,1594,2554,3080
COPIAH,MS,1265,1898,2653
COVINGTON,MS,1006,1552,2117
DESOTO,MS,2926,6025,9316
FORREST,MS,3130,4839,6685
FRANKLIN,MS,310,636,940
GEORGE,MS,488,963,1645
GREENE,MS,285,473,745
GRENADA,MS,1010,1449,2162
HANCOCK,MS,2089,2977,4246
HARRISON,MS,8485,13815,18644
HINDS,MS,9659,15499,20996
HOLMES,MS,1575,2324,2770
HUMPHREYS,MS,587,981,1252
ISSAQUENA,MS,105,126,134
ITAWAMBA,MS,701,1556,2398
JACKSON,MS,3975,6387,9603
JASPER,MS,963,1510,2046
JEFFERSON,MS,676,884,950
JEFFERSON DAVIS,MS,647,1164,1643
JONES,MS,2865,4785,6243
KEMPER,MS,502,905,1318
LAFAYETTE,MS,1359,2357,3108
LAMAR,MS,1734,2743,4060
LAUDERDALE,MS,3219,5574,7588
LAWRENCE,MS,514,900,1237
LEAKE,MS,1114,2007,2656
LEE,MS,2615,4560,6744
LEFLORE,MS,2158,3055,3537
LINCOLN,MS,1537,2447,3352
LOWNDES,MS,2753,3871,5243
MADISON,MS,2199,3742,5732
MARION,MS,1482,2358,3140
MARSHALL,MS,1280,2296,3156
MONROE,MS,1152,2138,3192
MONTGOMERY,MS,770,1079,1537
NESHOBA,MS,1413,2341,3220
NEWTON,MS,1156,1772,2450
NOXUBEE,MS,733,947,1340
OKTIBBEHA,MS,1512,2602,3180
PANOLA,MS,1353,2512,3684
PEARL RIVER,MS,1911,3050,4652
PERRY,MS,433,999,1262
PIKE,MS,2531,3558,4411
PONTOTOC,MS,1063,1970,2898
PRENTISS,MS,940,1942,2615
QUITMAN,MS,450,775,1012
RANKIN,MS,2210,5478,8716
SCOTT,MS,1578,2666,3447
SHARKEY,MS,169,435,585
SIMPSON,MS,1099,1837,2624
SMITH,MS,551,1025,1454
STONE,MS,576,1056,1776
SUNFLOWER,MS,1408,2171,2986
TALLAHATCHIE,MS,702,1088,1481
TATE,MS,1360,2012,2751
TIPPAH,MS,746,1312,1991
TISHOMINGO,MS,663,1320,2028
TUNICA,MS,533,918,1388
UNION,MS,862,1625,2623
WALTHALL,MS,856,1349,1734
WARREN,MS,2076,3358,4507
WASHINGTON,MS,3221,4603,5950
WAYNE,MS,996,1571,2367
WEBSTER,MS,575,747,972
WILKINSON,MS,471,805,1003
WINSTON,MS,927,1597,2220
YALOBUSHA,MS,393,829,1196
YAZOO,MS,1462,2198,2761
BEAVERHEAD,MT,128,287,531
BIG HORN,MT,656,1022,1418
BLAINE,MT,355,525,669
BROADWATER,MT,49,125,295
CARBON,MT,180,319,509
CARTER,MT,32,50,101
CASCADE,MT,1892,3601,5907
CHOUTEAU,MT,213,365,532
CUSTER,MT,197,404,672
DANIELS,MT,13,68,82
DAWSON,MT,118,275,477
DEER LODGE,MT,273,535,678
FALLON,MT,55,107,146
FERGUS,MT,255,470,773
FLATHEAD,MT,1664,3644,5591
GALLATIN,MT,1234,2462,4323
GARFIELD,MT,9,47,89
GLACIER,MT,650,948,1140
GOLDEN VALLEY,MT,26,45,75
GRANITE,MT,30,66,167
HILL,MT,607,944,1411
JEFFERSON,MT,187,384,588
JUDITH BASIN,MT,53,115,193
LAKE,MT,1162,1801,2554
LEWIS AND CLARK,MT,1334,2213,3256
LIBERTY,MT,48,99,149
LINCOLN,MT,542,1092,1732
MADISON,MT,125,233,474
MCCONE,MT,28,52,115
MEAGHER,MT,26,71,126
MINERAL,MT,116,227,328
MISSOULA,MT,2062,3616,5723
MUSSELSHELL,MT,155,318,421
PARK,MT,262,506,937
PETROLEUM,MT,11,22,31
PHILLIPS,MT,91,191,270
PONDERA,MT,221,298,412
POWDER RIVER,MT,38,96,113
POWELL,MT,206,324,405
PRAIRIE,MT,24,43,94
RAVALLI,MT,964,1943,3151
RICHLAND,MT,95,209,424
ROOSEVELT,MT,477,678,860
ROSEBUD,MT,256,425,595
SANDERS,MT,415,877,1289
SHERIDAN,MT,57,113,204
SILVER BOW,MT,990,1750,2360
STILLWATER,MT,106,251,379
SWEET GRASS,MT,65,133,229
TETON,MT,100,251,406
TOOLE,MT,140,240,348
TREASURE,MT,33,47,91
VALLEY,MT,151,370,491
WHEATLAND,MT,67,139,184
WIBAUX,MT,42,98,137
YELLOWSTONE,MT,2744,5741,8774
ALAMANCE,NC,5244,9180,13234
ALEXANDER,NC,1144,1986,3167
ALLEGHANY,NC,592,974,1327
ANSON,NC,939,1653,2432
ASHE,NC,917,1449,2410
AVERY,NC,433,1056,1727
BEAUFORT,NC,1688,2858,3943
BERTIE,NC,804,1257,1920
BLADEN,NC,1893,3042,4209
BRUNSWICK,NC,3338,5558,8744
BUNCOMBE,NC,4512,9747,14940
BURKE,NC,3209,5415,8075
CABARRUS,NC,4101,7520,12168
CALDWELL,NC,2980,5303,8044
CAMDEN,NC,267,431,764
CARTERET,NC,1546,2927,4429
CASWELL,NC,844,1231,1887
CATAWBA,NC,3985,7452,11943
CHATHAM,NC,1671,2988,4398
CHEROKEE,NC,825,1596,2622
CHOWAN,NC,643,1165,1552
CLAY,NC,408,761,1256
CLEVELAND,NC,3970,6533,9294
COLUMBUS,NC,2595,4562,6030
CRAVEN,NC,2881,4988,7643
CUMBERLAND,NC,11527,19897,28397
CURRITUCK,NC,495,1001,1567
DARE,NC,588,1278,2288
DAVIDSON,NC,5358,9937,14337
DAVIE,NC,1148,1885,2791
DUPLIN,NC,2589,4542,6216
DURHAM,NC,8542,13477,18687
EDGECOMBE,NC,2788,4835,6561
FORSYTH,NC,11608,19400,27314
FRANKLIN,NC,1849,3858,5444
GASTON,NC,6497,11612,17013
GATES,NC,265,458,829
GRAHAM,NC,312,557,921
GRANVILLE,NC,1650,2848,4209
GREENE,NC,866,1296,1884
GUILFORD,NC,15230,26135,37840
HALIFAX,NC,2745,4713,6365
HARNETT,NC,4128,7222,10689
HAYWOOD,NC,1746,3176,4683
HENDERSON,NC,2224,4300,7229
HERTFORD,NC,1105,1727,2325
HOKE,NC,2168,3334,4976
HYDE,NC,340,389,587
IREDELL,NC,4245,7329,11527
JACKSON,NC,1192,1931,2842
JOHNSTON,NC,4776,9656,14124
JONES,NC,515,779,1142
LEE,NC,1789,3635,5071
LENOIR,NC,2825,4500,6113
LINCOLN,NC,2654,4283,6900
MACON,NC,1167,1941,2822
MADISON,NC,607,1104,1596
MARTIN,NC,829,1652,2231
MCDOWELL,NC,1683,2920,4717
MECKLENBURG,NC,23218,40458,58565
MITCHELL,NC,379,780,1113
MONTGOMERY,NC,1039,1803,2588
MOORE,NC,2034,3843,5578
NASH,NC,2806,4870,6715
NEW HANOVER,NC,5499,9221,13307
NORTHAMPTON,NC,996,1822,2518
ONSLOW,NC,4952,9985,15991
ORANGE,NC,1599,3358,5681
PAMLICO,NC,307,714,1051
PASQUOTANK,NC,1134,2112,2994
PENDER,NC,1410,2328,3481
PERQUIMANS,NC,448,1024,1342
PERSON,NC,1388,2340,3214
PITT,NC,6175,9600,13557
POLK,NC,382,802,1416
RANDOLPH,NC,4333,8338,12471
RICHMOND,NC,2409,3932,5239
ROBESON,NC,7053,11254,15006
ROCKINGHAM,NC,3506,5731,8368
ROWAN,NC,4376,7521,11146
RUTHERFORD,NC,2251,4013,5744
SAMPSON,NC,2755,4649,6114
SCOTLAND,NC,2158,2970,3947
STANLY,NC,1705,3091,5093
STOKES,NC,1529,2496,3720
SURRY,NC,2241,4714,6852
SWAIN,NC,433,889,1421
TRANSYLVANIA,NC,1071,2026,3056
TYRRELL,NC,193,274,413
UNION,NC,3865,7286,11327
VANCE,NC,1973,3373,4503
WAKE,NC,16956,30668,45858
WARREN,NC,578,1096,1649
WASHINGTON,NC,528,804,1143
WATAUGA,NC,1111,1859,2616
WAYNE,NC,5494,8794,12348
WILKES,NC,2912,4736,6606
WILSON,NC,3388,5492,7295
YADKIN,NC,1286,2615,3874
YANCEY,NC,747,1221,1896
ADAMS,ND,34,71,129
BARNES,ND,181,293,416
BENSON,ND,400,568,724
BILLINGS,ND,17,25,35
BOTTINEAU,ND,117,193,346
BOWMAN,ND,32,43,71
BURKE,ND,27,65,86
BURLEIGH,ND,1174,2157,3216
CASS,ND,2484,4358,6938
CAVALIER,ND,55,99,167
DICKEY,ND,61,169,255
DIVIDE,ND,48,88,101
DUNN,ND,75,104,207
EDDY,ND,68,132,151
EMMONS,ND,59,131,217
FOSTER,ND,48,97,160
GOLDEN VALLEY,ND,14,53,106
GRAND FORKS,ND,1462,2679,3748
GRANT,ND,59,101,155
GRIGGS,ND,19,76,139
HETTINGER,ND,46,88,167
KIDDER,ND,81,141,239
LAMOURE,ND,107,176,225
LOGAN,ND,33,68,100
MCHENRY,ND,122,212,339
MCINTOSH,ND,44,102,159
MCKENZIE,ND,201,356,414
MCLEAN,ND,145,341,488
MERCER,ND,151,271,344
MORTON,ND,423,790,1268
MOUNTRAIL,ND,126,243,396
NELSON,ND,58,105,161
OLIVER,ND,31,53,89
PEMBINA,ND,83,196,347
PIERCE,ND,155,208,337
RAMSEY,ND,177,275,448
RANSOM,ND,24,141,271
RENVILLE,ND,15,52,82
RICHLAND,ND,210,433,772
ROLETTE,ND,761,1079,1459
SARGENT,ND,27,73,130
SHERIDAN,ND,42,82,116
SIOUX,ND,250,357,433
SLOPE,ND,7,15,35
STARK,ND,408,713,1031
STEELE,ND,18,39,58
STUTSMAN,ND,408,656,1065
TOWNER,ND,54,99,151
TRAILL,ND,77,174,327
WALSH,ND,168,420,703
WARD,ND,797,1525,2587
WELLS,ND,34,97,180
WILLIAMS,ND,363,805,1258
ADAMS,NE,597,1216,1828
ANTELOPE,NE,159,303,517
ARTHUR,NE,2,11,20
BANNER,NE,12,33,49
BLAINE,NE,11,20,28
BOONE,NE,53,180,298
BOX BUTTE,NE,218,402,732
BOYD,NE,41,91,143
BROWN,NE,92,216,258
BUFFALO,NE,988,1864,2653
BURT,NE,165,296,468
BUTLER,NE,158,312,462
CASS,NE,271,618,1091
CEDAR,NE,107,227,403
CHASE,NE,54,137,189
CHERRY,NE,98,258,404
CHEYENNE,NE,179,350,491
CLAY,NE,119,280,435
COLFAX,NE,207,500,801
CUMING,NE,91,263,501
CUSTER,NE,260,566,966
DAKOTA,NE,795,1238,1920
DAWES,NE,278,365,504
DAWSON,NE,701,1209,1955
DEUEL,NE,35,83,124
DIXON,NE,135,213,359
DODGE,NE,848,1522,2547
DOUGLAS,NE,11552,20143,29604
DUNDY,NE,32,124,213
FILLMORE,NE,141,221,362
FRANKLIN,NE,95,135,218
FRONTIER,NE,53,113,165
FURNAS,NE,96,201,305
GAGE,NE,291,606,1219
GARDEN,NE,29,72,110
GARFIELD,NE,22,76,135
GOSPER,NE,19,33,86
GRANT,NE,21,45,70
GREELEY,NE,42,81,159
HALL,NE,1650,3168,4487
HAMILTON,NE,105,240,426
HARLAN,NE,62,138,255
HAYES,NE,20,54,87
HITCHCOCK,NE,74,148,229
HOLT,NE,117,315,645
HOOKER,NE,17,19,34
HOWARD,NE,137,233,399
JEFFERSON,NE,120,336,650
JOHNSON,NE,89,176,318
KEARNEY,NE,102,216,303
KEITH,NE,188,369,560
KEYA PAHA,NE,7,26,50
KIMBALL,NE,64,206,301
KNOX,NE,164,314,577
LANCASTER,NE,5888,10261,15144
LINCOLN,NE,836,1402,2191
LOGAN,NE,8,28,56
LOUP,NE,8,35,45
MADISON,NE,965,1454,2248
MCPHERSON,NE,17,23,32
MERRICK,NE,124,313,489
MORRILL,NE,51,178,340
NANCE,NE,64,135,235
NEMAHA,NE,163,265,480
NUCKOLLS,NE,66,161,301
OTOE,NE,337,551,979
PAWNEE,NE,87,152,220
PERKINS,NE,29,47,141
PHELPS,NE,119,269,433
PIERCE,NE,104,247,410
PLATTE,NE,524,995,1679
POLK,NE,67,172,297
RED WILLOW,NE,212,461,731
RICHARDSON,NE,171,374,629
ROCK,NE,18,49,74
SALINE,NE,358,866,1138
SARPY,NE,1707,3541,6723
SAUNDERS,NE,308,510,898
SCOTTS BLUFF,NE,911,1869,2737
SEWARD,NE,183,505,803
SHERIDAN,NE,113,235,411
SHERMAN,NE,78,104,174
SIOUX,NE,39,75,108
STANTON,NE,146,266,384
THAYER,NE,95,192,326
THOMAS,NE,15,24,55
THURSTON,NE,350,547,718
VALLEY,NE,87,154,287
WASHINGTON,NE,363,590,902
WAYNE,NE,172,341,479
WEBSTER,NE,81,171,289
WHEELER,NE,17,50,60
YORK,NE,271,413,623
BELKNAP,NH,903,1642,2575
CARROLL,NH,653,1589,2699
CHESHIRE,NH,979,2000,3077
COOS,NH,701,1264,2158
GRAFTON,NH,1369,2720,4210
HILLS,NH,5731,9942,15725
MERRIMACK,NH,1783,3251,5497
ROCKINGHAM,NH,2542,4826,7713
STRAFFORD,NH,1656,3208,4646
SULLIVAN,NH,802,1513,2147
ATLANTIC,NJ,7243,12097,17309
BERGEN,NJ,13307,23227,34251
BURLINGTON,NJ,5076,9332,14789
CAMDEN,NJ,11843,20145,28935
CAPE MAY,NJ,2087,3551,5066
CUMBERLAND,NJ,4504,8046,11546
ESSEX,NJ,24511,39616,53187
GLOUCESTER,NJ,3585,6089,9504
HUDSON,NJ,20710,34726,48558
HUNTERDON,NJ,1128,1843,2675
MERCER,NJ,7063,11593,17061
MIDDLESEX,NJ,12871,22373,33238
MONMOUTH,NJ,8292,14545,21130
MORRIS,NJ,3663,6989,10682
OCEAN,NJ,10695,18694,27974
PASSAIC,NJ,16130,25519,33824
SALEM,NJ,1443,2551,3448
SOMERSET,NJ,2655,4797,7433
SUSSEX,NJ,1192,2337,4362
UNION,NJ,9970,19782,29046
WARREN,NJ,1492,2722,4303
BERNALILLO,NM,20621,34876,47487
CATRON,NM,64,158,218
CHAVES,NM,2591,4860,6684
CIBOLA,NM,1389,2179,2997
COLFAX,NM,566,923,1303
CURRY,NM,2076,3469,4886
DE BACA,NM,13,83,151
DONA ANA,NM,11760,18178,23429
EDDY,NM,1822,3024,4193
GRANT,NM,1111,1664,2577
GUADALUPE,NM,82,152,262
HARDING,NM,11,24,40
HIDALGO,NM,265,396,434
LEA,NM,2227,3790,4930
LINCOLN,NM,515,1071,1499
LOS ALAMOS,NM,176,225,360
LUNA,NM,1439,2091,2822
MCKINLEY,NM,4382,6367,8006
MORA,NM,132,380,511
OTERO,NM,2370,3721,5306
QUAY,NM,249,416,732
RIO ARRIBA,NM,,,
ROOSEVELT,NM,908,1321,1741
SAN JUAN,NM,5110,8159,11230
SAN MIGUEL,NM,1103,1875,2749
SANDOVAL,NM,3615,5938,8879
SANTA FE,NM,3148,6405,9405
SIERRA,NM,512,748,1132
SOCORRO,NM,420,799,1137
TAOS,NM,979,1941,2642
TORRANCE,NM,674,1119,1450
UNION,NM,98,195,338
VALENCIA,NM,3036,5188,7319
CARSON CITY,NV,1354,2737,4051
CHURCHILL,NV,540,1015,1679
CLARK,NV,51318,92769,138205
DOUGLAS,NV,911,1730,2621
ELKO,NV,1116,1640,2369
ESMERALDA,NV,12,78,82
EUREKA,NV,10,19,25
HUMBOLDT,NV,288,560,937
LANDER,NV,191,287,323
LINCOLN,NV,58,169,311
LYON,NV,920,2288,3408
MINERAL,NV,194,302,365
NYE,NV,1337,2281,3338
PERSHING,NV,159,201,403
STOREY,NV,65,86,151
WASHOE,NV,8433,17217,25015
WHITE PINE,NV,165,310,519
ALBANY,NY,4852,8420,12308
ALLEGANY,NY,1364,2369,3560
BRONX,NY,85340,126072,160772
BROOME,NY,4947,8326,11931
CATTARAUGUS,NY,2150,3997,5937
CAYUGA,NY,1625,3090,4776
CHAUTAUQUA,NY,4312,7156,9901
CHEMUNG,NY,2340,3779,5796
CHENANGO,NY,1261,2369,3698
CLINTON,NY,2008,3289,4677
COLUMBIA,NY,1094,2244,3160
CORTLAND,NY,938,1620,2640
DELAWARE,NY,1384,2178,3073
DUTCHESS,NY,4394,7764,11859
ERIE,NY,23339,37361,53379
ESSEX,NY,585,1297,2322
FRANKLIN,NY,1609,2505,3560
FULTON,NY,1547,2724,4350
GENESEE,NY,1172,1862,2882
GREENE,NY,913,1559,2449
HAMILTON,NY,32,98,151
HERKIMER,NY,1493,2780,4060
JEFFERSON,NY,2829,5416,8288
KINGS,NY,99998,160467,211083
LEWIS,NY,730,1285,1976
LIVINGSTON,NY,1261,2185,3176
MADISON,NY,1125,2265,3456
MONROE,NY,18914,30012,42248
MONTGOMERY,NY,1883,3064,4405
NASSAU,NY,13783,24560,38287
NEW YORK,NY,40922,65024,83612
NIAGARA,NY,5408,9123,12826
ONEIDA,NY,6858,11074,15549
ONONDAGA,NY,11226,17982,25749
ONTARIO,NY,1862,3283,5176
ORANGE,NY,7511,12645,18006
ORLEANS,NY,1253,2369,3391
OSWEGO,NY,3941,5847,8534
OTSEGO,NY,1306,2631,3769
PUTNAM,NY,724,1474,2258
QUEENS,NY,55722,104920,153237
RENSSELAER,NY,3184,5229,7711
RICHMOND,NY,12998,19411,25881
ROCKLAND,NY,7424,11705,15975
SARATOGA,NY,2477,4871,7818
SCHENECTADY,NY,2269,3996,5852
SCHOHARIE,NY,699,1260,1743
SCHUYLER,NY,378,755,1190
SENECA,NY,628,1208,1916
ST. LAWRENCE,NY,3323,5539,7896
STEUBEN,NY,2421,4695,7382
SUFFOLK,NY,16872,29759,46276
SULLIVAN,NY,1900,3305,4576
TIOGA,NY,973,2046,2996
TOMPKINS,NY,1695,2677,3963
ULSTER,NY,3415,6006,8708
WARREN,NY,1167,2024,3335
WASHINGTON,NY,1283,2635,4001
WAYNE,NY,2009,3660,5533
WESTCHESTER,NY,14833,27580,39084
WYOMING,NY,774,1451,2226
YATES,NY,466,924,1469
ADAMS,OH,1195,2115,3024
ALLEN,OH,2785,5004,7079
ASHLAND,OH,1094,2063,3275
ASHTABULA,OH,3451,5602,7853
ATHENS,OH,2116,3161,4062
AUGLAIZE,OH,890,1584,2493
BELMONT,OH,1508,2736,4252
BROWN,OH,1498,2390,3562
BUTLER,OH,7886,13312,19528
CARROLL,OH,770,1297,2070
CHAMPAIGN,OH,895,1631,2437
CLARK,OH,4083,7203,10526
CLERMONT,OH,3587,6701,10199
CLINTON,OH,1123,2097,3176
COLUMBIANA,OH,2932,5542,8344
COSHOCTON,OH,1047,2050,3245
CRAWFORD,OH,1190,2195,3575
CUYAHOGA,OH,41526,64764,89024
DARKE,OH,924,2252,3719
DEFIANCE,OH,829,1363,2073
DELAWARE,OH,1593,2667,4404
ERIE,OH,1740,3004,4238
FAIRFIELD,OH,2820,5394,8420
FAYETTE,OH,1030,1722,2557
FRANKLIN,OH,34853,55953,78348
FULTON,OH,820,1682,2776
GALLIA,OH,1307,1837,2406
GEAUGA,OH,1056,2184,3688
GREENE,OH,3672,5799,8184
GUERNSEY,OH,1636,2398,3421
HAMILTON,OH,22521,35577,49117
HANCOCK,OH,1528,2580,4251
HARDIN,OH,945,1557,2124
HARRISON,OH,465,779,1105
HENRY,OH,538,992,1603
HIGHLAND,OH,1763,2791,3760
HOCKING,OH,749,1484,2202
HOLMES,OH,851,1553,2650
HURON,OH,1573,2901,4252
JACKSON,OH,1405,2288,3393
JEFFERSON,OH,2182,3586,5134
KNOX,OH,1537,2455,3791
LAKE,OH,3295,6264,10468
LAWRENCE,OH,2305,3760,5251
LICKING,OH,3476,6168,9380
LOGAN,OH,1238,2017,3109
LORAIN,OH,8084,13024,18410
LUCAS,OH,15586,24742,33682
MADISON,OH,747,1349,2016
MAHONING,OH,8184,13069,18344
MARION,OH,1816,3202,4858
MEDINA,OH,2203,3593,6139
MEIGS,OH,1054,1565,2142
MERCER,OH,462,1477,2220
MIAMI,OH,1716,3482,5328
MONROE,OH,499,930,1300
MONTGOMERY,OH,18098,28200,39493
MORGAN,OH,671,1207,1633
MORROW,OH,654,1313,2087
MUSKINGUM,OH,2770,4918,7032
NOBLE,OH,296,468,810
OTTAWA,OH,808,1487,2438
PAULDING,OH,410,731,1255
PERRY,OH,1424,2096,3250
PICKAWAY,OH,1256,2096,3236
PIKE,OH,1070,1916,2718
PORTAGE,OH,3362,5581,8696
PREBLE,OH,978,1649,2629
PUTNAM,OH,514,940,1608
RICHLAND,OH,3083,6204,9114
ROSS,OH,2559,4383,6075
SANDUSKY,OH,1582,2576,3781
SCIOTO,OH,3464,5445,7155
SENECA,OH,1485,2640,3911
SHELBY,OH,929,1839,2849
STARK,OH,9944,16498,25020
SUMMIT,OH,12952,22315,32586
TRUMBULL,OH,7231,11371,15976
TUSCARAWAS,OH,2425,4129,6653
UNION,OH,650,1353,2051
VAN WERT,OH,573,1113,1960
VINTON,OH,495,937,1239
WARREN,OH,2096,4286,7228
WASHINGTON,OH,1833,3037,4402
WAYNE,OH,2679,4565,7426
WILLIAMS,OH,902,1564,2567
WOOD,OH,1859,3685,5679
WYANDOT,OH,350,971,1489
ADAIR,OK,1298,2034,2759
ALFALFA,OK,78,153,284
ATOKA,OK,592,1043,1488
BEAVER,OK,140,273,458
BECKHAM,OK,394,1016,1481
BLAINE,OK,220,635,783
BRYAN,OK,1269,2791,4087
CADDO,OK,1134,1789,2586
CANADIAN,OK,1892,3826,6013
CARTER,OK,1509,2589,3793
CHEROKEE,OK,1435,2672,3893
CHOCTAW,OK,863,1325,1624
CIMARRON,OK,72,140,210
CLEVELAND,OK,5112,9381,14789
COAL,OK,276,388,515
COMANCHE,OK,3203,6260,8619
COTTON,OK,210,370,541
CRAIG,OK,517,1016,1446
CREEK,OK,2320,3893,6017
CUSTER,OK,783,1750,2384
DELAWARE,OK,1554,2911,4237
DEWEY,OK,139,250,336
ELLIS,OK,105,203,288
GARFIELD,OK,1751,3201,4511
GARVIN,OK,744,1468,2295
GRADY,OK,1211,2382,3643
GRANT,OK,79,183,288
GREER,OK,185,355,515
HARMON,OK,94,187,297
HARPER,OK,88,164,250
HASKELL,OK,496,972,1379
HUGHES,OK,383,705,977
JACKSON,OK,925,1670,2451
JEFFERSON,OK,271,490,712
JOHNSTON,OK,402,688,1024
KAY,OK,1467,2465,3580
KINGFISHER,OK,360,671,993
KIOWA,OK,415,618,928
LATIMER,OK,441,787,1056
LE FLORE,OK,2244,3724,5283
LINCOLN,OK,896,1780,2623
LOGAN,OK,1016,1887,2608
LOVE,OK,206,431,642
MAJOR,OK,178,288,527
MARSHALL,OK,515,1025,1553
MAYES,OK,1540,2631,3742
MCCLAIN,OK,727,1409,2173
MCCURTAIN,OK,1658,2943,4045
MCINTOSH,OK,896,1524,2126
MURRAY,OK,328,655,933
MUSKOGEE,OK,2792,4593,6408
NOBLE,OK,257,468,863
NOWATA,OK,368,617,1033
OKFUSKEE,OK,491,846,1192
OKLAHOMA,OK,23181,39170,55191
OKMULGEE,OK,1587,2793,3673
OSAGE,OK,1446,2571,3747
OTTAWA,OK,1297,2276,3310
PAWNEE,OK,519,982,1532
PAYNE,OK,2151,3470,5154
PITTSBURG,OK,1465,2562,3895
PONTOTOC,OK,998,1772,2763
POTTAWATOMIE,OK,2151,3827,5987
PUSHMATAHA,OK,406,776,1152
ROGER MILLS,OK,144,209,284
ROGERS,OK,1867,3516,5554
SEMINOLE,OK,975,1759,2608
SEQUOYAH,OK,2061,3465,4864
STEPHENS,OK,1300,2427,3616
TEXAS,OK,528,1018,1384
TILLMAN,OK,340,573,795
TULSA,OK,18190,30857,43857
WAGONER,OK,1659,3156,5091
WASHINGTON,OK,1493,2726,4043
WASHITA,OK,328,551,804
WOODS,OK,178,305,477
WOODWARD,OK,455,883,1307
BAKER,OR,469,778,1274
BENTON,OR,1505,2746,3983
CLACKAMAS,OR,6093,10156,16364
CLATSOP,OR,543,1419,2295
COLUMBIA,OR,963,1847,2856
COOS,OR,2061,3593,5111
CROOK,OR,629,1173,2059
CURRY,OR,547,961,1687
DESCHUTES,OR,3580,6648,9886
DOUGLAS,OR,3328,6053,9300
GILLIAM,OR,18,74,163
GRANT,OR,147,342,517
HARNEY,OR,255,473,753
HOOD RIVER,OR,252,817,1337
JACKSON,OR,6414,10937,16361
JEFFERSON,OR,609,1037,1573
JOSEPHINE,OR,2988,5807,7945
KLAMATH,OR,2426,4225,6215
LAKE,OR,325,600,865
LANE,OR,9142,16112,23751
LINCOLN,OR,1402,2481,3846
LINN,OR,3326,6135,8904
MALHEUR,OR,1161,1906,2671
MARION,OR,8549,16223,23347
MORROW,OR,324,601,954
MULTNOMAH,OR,16662,28041,39900
POLK,OR,1830,3272,5130
SHERMAN,OR,35,66,118
TILLAMOOK,OR,590,1166,1935
UMATILLA,OR,2514,4279,6126
UNION,OR,706,1465,2011
WALLOWA,OR,236,407,572
WASCO,OR,664,1230,1939
WASHINGTON,OR,9428,16923,25323
WHEELER,OR,47,95,138
YAMHILL,OR,2670,4219,6142
ADAMS,PA,1600,2912,4919
ALLEGHENY,PA,24029,40268,58783
ARMSTRONG,PA,1634,3068,4797
BEAVER,PA,3474,6189,9588
BEDFORD,PA,1154,2250,3513
BERKS,PA,9696,16930,24517
BLAIR,PA,3508,5945,8803
BRADFORD,PA,1342,2808,4406
BUCKS,PA,6707,12075,19342
BUTLER,PA,2807,4850,7729
CAMBRIA,PA,3735,6109,9232
CAMERON,PA,115,215,378
CARBON,PA,1420,2464,3944
CENTRE,PA,1785,3440,5605
CHESTER,PA,5347,9785,14714
CLARION,PA,988,1743,2731
CLEARFIELD,PA,2093,3899,5855
CLINTON,PA,981,1525,2397
COLUMBIA,PA,1301,2437,4087
CRAWFORD,PA,2349,4211,6291
CUMBERLAND,PA,2808,5857,10016
DAUPHIN,PA,6355,10982,16181
DELAWARE,PA,9854,17391,25835
ELK,PA,609,1125,1946
ERIE,PA,7623,13036,19200
FAYETTE,PA,4539,7516,10704
FOREST,PA,72,134,230
FRANKLIN,PA,3144,5717,8935
FULTON,PA,344,668,1106
GREENE,PA,986,1610,2397
HUNTINGDON,PA,1096,2043,3205
INDIANA,PA,1762,3812,5438
JEFFERSON,PA,1234,2246,3451
JUNIATA,PA,455,1016,1652
LACKAWANNA,PA,5610,9195,13619
LANCASTER,PA,8956,17356,28498
LAWRENCE,PA,2558,4738,6746
LEBANON,PA,3076,5458,8883
LEHIGH,PA,8577,14997,21888
LUZERNE,PA,8939,14830,21618
LYCOMING,PA,2872,4743,7719
MCKEAN,PA,1267,2183,3063
MERCER,PA,3182,5035,7673
MIFFLIN,PA,1294,2490,3875
MONROE,PA,3376,5700,8507
MONTGOMERY,PA,8966,16191,25583
MONTOUR,PA,308,675,980
NORTHAMPTON,PA,5033,9263,14210
NORTHUMBERLAND,PA,2356,4687,7089
PERRY,PA,616,1453,2398
PHILADELPHIA,PA,63107,95245,127242
PIKE,PA,1280,2059,3285
POTTER,PA,407,864,1262
SCHUYLKILL,PA,3553,6457,10375
SNYDER,PA,812,1689,2535
SOMERSET,PA,1799,3458,5431
SULLIVAN,PA,101,235,433
SUSQUEHANNA,PA,967,1832,2969
TIOGA,PA,999,1922,3033
UNION,PA,780,1280,2319
VENANGO,PA,1426,2587,4041
WARREN,PA,1004,1850,3018
WASHINGTON,PA,3536,6671,10362
WAYNE,PA,855,1667,2579
WESTMORELAND,PA,6780,12011,18779
WYOMING,PA,550,1022,1653
YORK,PA,8300,15380,23592
BRISTOL,RI,709,1249,1872
KENT,RI,2085,4168,6334
NEWPORT,RI,1206,1943,2964
PROVIDENCE,RI,17838,28704,41170
WASHINGTON,RI,1682,2829,4007
ABBEVILLE,SC,1039,1603,2251
AIKEN,SC,5860,10097,14341
ALLENDALE,SC,408,767,1036
ANDERSON,SC,5974,10802,15635
BAMBERG,SC,644,1085,1513
BARNWELL,SC,1125,1593,2215
BEAUFORT,SC,3423,6308,9960
BERKELEY,SC,4779,8699,13648
CALHOUN,SC,426,720,982
CHARLESTON,SC,8781,14556,20516
CHEROKEE,SC,1740,2932,4340
CHESTER,SC,1282,1943,2942
CHESTERFIELD,SC,2171,3740,5088
CLARENDON,SC,1606,2623,3586
COLLETON,SC,1643,3102,4089
DARLINGTON,SC,2939,4719,6916
DILLON,SC,2061,2884,3885
DORCHESTER,SC,3313,5551,8694
EDGEFIELD,SC,788,1455,1973
FAIRFIELD,SC,1014,1701,2447
FLORENCE,SC,5216,8808,12059
GEORGETOWN,SC,2211,3678,5162
GREENVILLE,SC,11173,20613,31592
GREENWOOD,SC,3082,4793,6513
HAMPTON,SC,607,1247,1822
HORRY,SC,9742,16375,24248
JASPER,SC,1088,2178,3048
KERSHAW,SC,2159,3591,5620
LANCASTER,SC,2490,3904,5780
LAURENS,SC,2696,4625,6639
LEE,SC,711,1384,1882
LEXINGTON,SC,7079,12094,18047
MARION,SC,1388,2325,3430
MARLBORO,SC,1464,2249,2847
MCCORMICK,SC,355,599,904
NEWBERRY,SC,1325,2475,3365
OCONEE,SC,2714,4350,6421
ORANGEBURG,SC,3825,6074,8156
PICKENS,SC,2787,5275,8360
RICHLAND,SC,10287,18231,25544
SALUDA,SC,639,1322,2056
SPARTANBURG,SC,8515,16223,23663
SUMTER,SC,4509,7451,10834
UNION,SC,1411,2068,3148
WILLIAMSBURG,SC,1591,2535,3829
YORK,SC,5926,10328,15890
AURORA,SD,40,84,145
BEADLE,SD,610,922,1140
BENNETT,SD,164,212,300
BON HOMME,SD,74,203,337
BROOKINGS,SD,388,671,1069
BROWN,SD,791,1387,1987
BRULE,SD,143,258,484
BUFFALO,SD,153,222,278
BUTTE,SD,191,479,893
CAMPBELL,SD,12,35,86
CHARLES MIX,SD,244,461,693
CLARK,SD,71,154,260
CLAY,SD,321,448,660
CODINGTON,SD,570,925,1552
CORSON,SD,288,415,453
CUSTER,SD,294,431,636
DAVISON,SD,352,777,1316
DAY,SD,273,392,516
DEUEL,SD,67,143,261
DEWEY,SD,293,447,577
DOUGLAS,SD,38,92,205
EDMUNDS,SD,34,103,187
FALL RIVER,SD,188,334,519
FAULK,SD,2,40,90
GRANT,SD,68,145,283
GREGORY,SD,113,231,353
HAAKON,SD,79,170,306
HAMLIN,SD,52,153,305
HAND,SD,78,113,210
HANSON,SD,34,56,119
HARDING,SD,10,37,70
HUGHES,SD,281,480,592
HUTCHINSON,SD,120,252,398
HYDE,SD,23,38,84
JACKSON,SD,212,303,366
JERAULD,SD,26,44,84
JONES,SD,17,25,68
KINGSBURY,SD,72,129,228
LAKE,SD,103,305,449
LAWRENCE,SD,363,631,1237
LINCOLN,SD,263,781,1602
LYMAN,SD,155,249,330
MARSHALL,SD,62,153,207
MCCOOK,SD,89,184,316
MCPHERSON,SD,40,74,149
MEADE,SD,352,1034,1781
MELLETTE,SD,185,217,278
MINER,SD,36,83,147
MINNEHAHA,SD,3485,5982,9171
MOODY,SD,137,252,404
OGLALA LAKOTA,SD,1026,1349,1554
PENNINGTON,SD,2545,4272,6340
PERKINS,SD,73,124,200
POTTER,SD,27,62,147
ROBERTS,SD,351,619,841
SANBORN,SD,35,77,135
SPINK,SD,97,184,351
STANLEY,SD,24,38,142
SULLY,SD,10,37,64
TODD,SD,991,1226,1348
TRIPP,SD,260,359,453
TURNER,SD,148,311,476
UNION,SD,183,380,650
WALWORTH,SD,39,101,234
YANKTON,SD,439,909,1426
ZIEBACH,SD,189,263,319
ANDERSON,TN,2739,4305,5948
BEDFORD,TN,1489,2875,4335
BENTON,TN,559,1213,1679
BLEDSOE,TN,545,959,1422
BLOUNT,TN,2887,5818,8707
BRADLEY,TN,3290,5741,8289
CAMPBELL,TN,1632,3183,4376
CANNON,TN,480,898,1195
CARROLL,TN,1012,1702,2579
CARTER,TN,2742,4409,5988
CHEATHAM,TN,684,1513,2606
CHESTER,TN,585,942,1309
CLAIBORNE,TN,1559,2379,3392
CLAY,TN,404,744,963
COCKE,TN,1837,2934,3983
COFFEE,TN,1509,3033,4675
CROCKETT,TN,491,906,1198
CUMBERLAND,TN,1810,3417,5406
DAVIDSON,TN,19330,31742,44442
DECATUR,TN,447,832,1218
DEKALB,TN,744,1249,1952
DICKSON,TN,1287,2298,3437
DYER,TN,1569,2703,3960
FAYETTE,TN,1121,1876,2985
FENTRESS,TN,942,1683,2197
FRANKLIN,TN,1278,2190,3275
GIBSON,TN,1758,3271,4673
GILES,TN,790,1566,2303
GRAINGER,TN,930,1673,2273
GREENE,TN,2415,4742,6576
GRUNDY,TN,682,1162,1569
HAMBLEN,TN,2415,4228,5908
HAMILTON,TN,7760,13853,20560
HANCOCK,TN,369,590,858
HARDEMAN,TN,903,1647,2332
HARDIN,TN,1070,1794,2691
HAWKINS,TN,2440,4014,5848
HAYWOOD,TN,630,1232,1802
HENDERSON,TN,988,1799,2404
HENRY,TN,1353,2273,3377
HICKMAN,TN,748,1142,2105
HOUSTON,TN,195,386,664
HUMPHREYS,TN,514,913,1363
JACKSON,TN,430,708,1107
JEFFERSON,TN,1436,2912,4443
JOHNSON,TN,735,1320,2088
KNOX,TN,11592,19588,27916
LAKE,TN,318,474,601
LAUDERDALE,TN,1293,2350,3233
LAWRENCE,TN,1616,2930,4175
LEWIS,TN,462,835,1248
LINCOLN,TN,1084,2053,3025
LOUDON,TN,1117,2043,3704
MACON,TN,1018,1915,2668
MADISON,TN,3691,5800,8050
MARION,TN,1181,1750,2471
MARSHALL,TN,940,1730,2612
MAURY,TN,2385,4140,6268
MCMINN,TN,2043,3288,4841
MCNAIRY,TN,1010,1993,2845
MEIGS,TN,395,717,1012
MONROE,TN,1832,3511,4722
MONTGOMERY,TN,5502,9578,15089
MOORE,TN,131,376,501
MORGAN,TN,898,1653,2292
OBION,TN,1503,2440,3241
OVERTON,TN,632,1488,2215
PERRY,TN,507,766,1049
PICKETT,TN,238,398,578
POLK,TN,658,1294,1774
PUTNAM,TN,2441,4475,6631
RHEA,TN,1360,2148,3106
ROANE,TN,1575,2435,3830
ROBERTSON,TN,1797,3161,4778
RUTHERFORD,TN,5683,10305,16225
SCOTT,TN,1096,1802,2587
SEQUATCHIE,TN,598,976,1518
SEVIER,TN,2687,5482,8595
SHELBY,TN,34419,53708,72377
SMITH,TN,590,1122,1835
STEWART,TN,472,758,1187
SULLIVAN,TN,5407,9643,13906
SUMNER,TN,3439,6421,9723
TIPTON,TN,1971,3310,4588
TROUSDALE,TN,161,324,667
UNICOI,TN,848,1377,2070
UNION,TN,1045,1610,2164
VAN BUREN,TN,173,469,656
WARREN,TN,1781,2877,3867
WASHINGTON,TN,3502,6408,9483
WAYNE,TN,704,1091,1657
WEAKLEY,TN,1169,2120,3032
WHITE,TN,905,1741,2762
WILLIAMSON,TN,1749,3686,5719
WILSON,TN,2270,4121,6376
ANDERSON,TX,1302,2756,4330
ANDREWS,TX,358,613,896
ANGELINA,TX,3325,5547,8090
ARANSAS,TX,715,1316,1884
ARCHER,TX,154,326,489
ARMSTRONG,TX,23,42,98
ATASCOSA,TX,1381,2451,3977
AUSTIN,TX,646,1295,1907
BAILEY,TX,155,321,669
BANDERA,TX,671,993,1437
BASTROP,TX,1358,2962,4537
BAYLOR,TX,83,159,307
BEE,TX,1294,1963,2774
BELL,TX,9279,16893,25744
BEXAR,TX,53209,93821,132790
BLANCO,TX,222,490,787
BORDEN,TX,0,2,19
BOSQUE,TX,611,1041,1630
BOWIE,TX,3161,5194,7506
BRAZORIA,TX,6344,10786,16435
BRAZOS,TX,5793,9778,13550
BREWSTER,TX,209,490,769
BRISCOE,TX,39,110,157
BROOKS,TX,500,668,875
BROWN,TX,1045,1914,3069
BURLESON,TX,358,663,1096
BURNET,TX,963,1794,2797
CALDWELL,TX,1227,2282,3339
CALHOUN,TX,446,934,1566
CALLAHAN,TX,291,581,970
CAMERON,TX,26293,40391,51392
CAMP,TX,477,884,1365
CARSON,TX,80,174,250
CASS,TX,1156,1957,3077
CASTRO,TX,194,340,710
CHAMBERS,TX,976,1763,2355
CHEROKEE,TX,1891,3504,4822
CHILDRESS,TX,176,448,618
CLAY,TX,297,427,736
COCHRAN,TX,133,242,276
COKE,TX,86,160,265
COLEMAN,TX,307,516,754
COLLIN,TX,11597,21225,32598
COLLINGSWORTH,TX,105,202,336
COLORADO,TX,389,1023,1424
COMAL,TX,2076,4296,6663
COMANCHE,TX,452,721,1114
CONCHO,TX,52,130,183
COOKE,TX,1110,1870,2807
CORYELL,TX,1747,3571,5663
COTTLE,TX,80,123,197
CRANE,TX,75,160,241
CROCKETT,TX,155,155,212
CROSBY,TX,242,451,655
CULBERSON,TX,103,167,201
DALLAM,TX,137,242,458
DALLAS,TX,79189,142526,203304
DAWSON,TX,521,1044,1247
DEAF SMITH,TX,696,1047,1462
DELTA,TX,241,305,439
DENTON,TX,10147,19083,29751
DEWITT,TX,624,1106,1611
DICKENS,TX,68,123,168
DIMMIT,TX,498,932,1226
DONLEY,TX,77,156,242
DUVAL,TX,545,896,1232
EASTLAND,TX,591,1052,1524
ECTOR,TX,3309,6639,9967
EDWARDS,TX,17,97,149
EL PASO,TX,35382,61348,85065
ELLIS,TX,3079,6012,9071
ERATH,TX,944,1585,2643
FALLS,TX,762,1022,1248
FANNIN,TX,754,1492,2311
FAYETTE,TX,370,962,1366
FISHER,TX,127,185,286
FLOYD,TX,257,477,657
FOARD,TX,26,77,136
FORT BEND,TX,11736,20422,31732
FRANKLIN,TX,146,376,659
FREESTONE,TX,627,1204,1609
FRIO,TX,608,1093,1497
GAINES,TX,479,1011,1637
GALVESTON,TX,8231,13771,18734
GARZA,TX,153,261,355
GILLESPIE,TX,677,1203,1872
GLASSCOCK,TX,27,74,109
GOLIAD,TX,206,328,443
GONZALES,TX,615,1202,1734
GRAY,TX,650,1332,1690
GRAYSON,TX,3470,6115,9084
GREGG,TX,4188,7522,10311
GRIMES,TX,837,1427,1942
GUADALUPE,TX,2676,5114,7981
HALE,TX,1137,1883,2914
HALL,TX,179,362,494
HAMILTON,TX,257,460,610
HANSFORD,TX,209,422,661
HARDEMAN,TX,88,235,362
HARDIN,TX,1449,2419,3290
HARRIS,TX,145031,247516,346368
HARRISON,TX,1982,3737,5257
HARTLEY,TX,62,97,364
HASKELL,TX,248,400,519
HAYS,TX,3846,6636,9048
HEMPHILL,TX,112,208,300
HENDERSON,TX,2703,4863,7333
HIDALGO,TX,52723,81226,102532
HILL,TX,1043,1970,2848
HOCKLEY,TX,708,1224,2017
HOOD,TX,1214,1996,3266
HOPKINS,TX,1330,2277,3228
HOUSTON,TX,941,1633,2173
HOWARD,TX,1057,1712,2279
HUDSPETH,TX,185,258,369
HUNT,TX,2764,4681,6644
HUTCHINSON,TX,594,937,1330
IRION,TX,36,46,81
JACK,TX,261,475,690
JACKSON,TX,382,612,1021
JASPER,TX,1003,1902,2441
JEFF DAVIS,TX,8,63,89
JEFFERSON,TX,8782,14571,20020
JIM HOGG,TX,271,391,573
JIM WELLS,TX,1533,2499,3751
JOHNSON,TX,3462,6800,10717
JONES,TX,378,787,1132
KARNES,TX,472,735,931
KAUFMAN,TX,2984,4807,7039
KENDALL,TX,351,791,1536
KENEDY,TX,10,59,59
KENT,TX,16,16,59
KERR,TX,1329,2701,3954
KIMBLE,TX,166,283,467
KING,TX,2,4,9
KINNEY,TX,77,242,303
KLEBERG,TX,1244,1759,2439
KNOX,TX,104,213,294
LA SALLE,TX,162,399,505
LAMAR,TX,1788,2989,4448
LAMB,TX,641,1105,1424
LAMPASAS,TX,418,880,1284
LAVACA,TX,608,941,1507
LEE,TX,531,926,1289
LEON,TX,540,971,1259
LIBERTY,TX,2089,4054,6024
LIMESTONE,TX,850,1575,2209
LIPSCOMB,TX,90,177,239
LIVE OAK,TX,263,479,784
LLANO,TX,435,942,1456
LOVING,TX,0,0,0
LUBBOCK,TX,8248,15263,21257
LYNN,TX,260,502,633
MADISON,TX,337,595,876
MARION,TX,356,664,1006
MARTIN,TX,76,161,261
MASON,TX,103,186,270
MATAGORDA,TX,1478,2305,3045
MAVERICK,TX,3199,5395,6977
MCCULLOCH,TX,233,494,813
MCLENNAN,TX,7718,13701,19467
MCMULLEN,TX,17,23,26
MEDINA,TX,921,1916,2701
MENARD,TX,43,99,225
MIDLAND,TX,2808,4662,7465
MILAM,TX,757,1454,2295
MILLS,TX,136,225,370
MITCHELL,TX,56,247,328
MONTAGUE,TX,563,1121,1672
MONTGOMERY,TX,10340,19461,29189
MOORE,TX,544,1013,1713
MORRIS,TX,411,687,1091
MOTLEY,TX,18,55,115
NACOGDOCHES,TX,2409,4004,5332
NAVARRO,TX,1875,3108,4591
NEWTON,TX,439,787,1237
NOLAN,TX,400,742,1196
NUECES,TX,10940,19195,27668
OCHILTREE,TX,284,591,978
OLDHAM,TX,31,43,74
ORANGE,TX,2229,4215,6065
PALO PINTO,TX,906,1638,2364
PANOLA,TX,686,1419,2040
PARKER,TX,1860,3805,6075
PARMER,TX,302,618,839
PECOS,TX,310,624,1065
POLK,TX,1778,2994,4447
POTTER,TX,4614,8208,11450
PRESIDIO,TX,364,694,915
RAINS,TX,177,479,797
RANDALL,TX,1985,3554,5888
REAGAN,TX,85,193,256
REAL,TX,59,162,208
RED RIVER,TX,485,906,1223
REEVES,TX,263,542,753
REFUGIO,TX,274,420,580
ROBERTS,TX,12,31,38
ROBERTSON,TX,368,777,1204
ROCKWALL,TX,1191,2229,3708
RUNNELS,TX,298,625,962
RUSK,TX,1252,2661,3962
SABINE,TX,490,940,1174
SAN AUGUSTINE,TX,438,681,877
SAN JACINTO,TX,605,1486,2159
SAN PATRICIO,TX,2307,3920,5607
SAN SABA,TX,114,294,484
SCHLEICHER,TX,82,107,160
SCURRY,TX,335,769,1026
SHACKELFORD,TX,56,134,204
SHELBY,TX,1329,2059,2737
SHERMAN,TX,81,107,223
SMITH,TX,6318,10975,16100
SOMERVELL,TX,688,802,852
STARR,TX,4096,6600,8079
STEPHENS,TX,453,581,857
STERLING,TX,9,45,74
STONEWALL,TX,26,61,95
SUTTON,TX,62,100,261
SWISHER,TX,320,644,853
TARRANT,TX,47373,85737,125426
TAYLOR,TX,3676,6594,9887
TERRELL,TX,22,60,66
TERRY,TX,355,781,1142
THROCKMORTON,TX,43,76,120
TITUS,TX,1357,2338,3396
TOM GREEN,TX,2522,4733,7290
TRAVIS,TX,22821,38881,56253
TRINITY,TX,525,1068,1524
TYLER,TX,604,942,1364
UPSHUR,TX,901,1607,2655
UPTON,TX,128,193,268
UVALDE,TX,861,1806,2705
VAL VERDE,TX,2011,3723,4869
VAN ZANDT,TX,1339,2683,3847
VICTORIA,TX,2569,4549,6620
WALKER,TX,1818,2856,3859
WALLER,TX,1260,2245,3111
WARD,TX,285,565,749
WASHINGTON,TX,876,1604,2272
WEBB,TX,15398,23314,30669
WHARTON,TX,1471,2693,3675
WHEELER,TX,236,381,572
WICHITA,TX,4131,6877,9883
WILBARGER,TX,404,797,1103
WILLACY,TX,1569,2305,2851
WILLIAMSON,TX,5683,11436,18721
WILSON,TX,861,1664,2625
WINKLER,TX,255,388,570
WISE,TX,1515,2698,4249
WOOD,TX,1168,2224,3589
YOAKUM,TX,152,333,469
YOUNG,TX,380,1112,1604
ZAPATA,TX,998,1510,1933
ZAVALA,TX,769,1300,1551
BEAVER,UT,123,287,449
BOX ELDER,UT,1107,2360,3690
CACHE,UT,3006,5633,8360
CARBON,UT,635,1078,1531
DAGGETT,UT,0,2,23
DAVIS,UT,3781,8116,13633
DUCHESNE,UT,545,881,1387
EMERY,UT,212,462,663
GARFIELD,UT,148,220,393
GRAND,UT,192,397,831
IRON,UT,1583,2831,4015
JUAB,UT,279,424,680
KANE,UT,106,204,333
MILLARD,UT,268,616,941
MORGAN,UT,90,205,457
PIUTE,UT,48,108,157
RICH,UT,33,49,94
SALT LAKE,UT,17175,33228,52834
SAN JUAN,UT,587,850,1201
SANPETE,UT,656,1284,2249
SEVIER,UT,565,1116,1782
SUMMIT,UT,485,798,1219
TOOELE,UT,788,1781,3364
UINTAH,UT,727,1365,1956
UTAH,UT,10195,19713,32605
WASATCH,UT,439,799,1216
WASHINGTON,UT,3544,6878,11011
WAYNE,UT,34,75,202
WEBER,UT,4917,8571,13683
ACCOMACK,VA,1026,1914,2828
ALBEMARLE,VA,1506,2586,3990
ALEXANDRIA CITY,VA,2562,4244,5661
ALLEGHANY,VA,644,916,1232
AMELIA,VA,320,476,825
AMHERST,VA,626,1380,1997
APPOMATTOX,VA,530,825,1131
ARLINGTON,VA,2124,3865,5500
AUGUSTA,VA,1424,2642,4412
BATH,VA,78,301,362
BEDFORD,VA,1313,2325,3934
BLAND,VA,84,214,396
BOTETOURT,VA,567,929,1676
BRISTOL CITY,VA,707,1161,1618
BRUNSWICK,VA,615,1000,1482
BUCHANAN,VA,1352,2060,2774
BUCKINGHAM,VA,458,777,1242
BUENA VISTA CITY,VA,301,585,811
CAMPBELL,VA,1481,2923,3944
CAROLINE,VA,459,790,1403
CARROLL,VA,829,1543,2395
CHARLES CITY,VA,169,283,439
CHARLOTTE,VA,421,666,953
CHARLOTTESVILLE CITY,VA,1099,1665,2197
CHESAPEAKE CITY,VA,4491,7535,11067
CHESTERFIELD,VA,3866,7929,12943
CLARKE,VA,174,324,495
COLONIAL HEIGHTS CITY,VA,480,816,1272
COVINGTON CITY,VA,203,357,520
CRAIG,VA,30,69,200
CULPEPER,VA,613,1570,2450
CUMBERLAND,VA,365,590,765
DANVILLE CITY,VA,1872,3275,4479
DICKENSON,VA,806,1331,1733
DINWIDDIE,VA,629,1065,1784
EMPORIA CITY,VA,272,507,613
ESSEX,VA,199,520,743
FAIRFAX,VA,11671,21309,31791
FAIRFAX CITY,VA,135,397,601
FALLS CHURCH CITY,VA,62,87,154
FAUQUIER,VA,727,1159,1813
FLOYD,VA,258,659,1191
FLUVANNA,VA,180,350,671
FRANKLIN,VA,1845,2851,4440
FRANKLIN CITY,VA,221,589,960
FREDERICK,VA,998,2216,3777
FREDERICKSBURG CITY,VA,543,910,1097
GALAX CITY,VA,417,658,813
GILES,VA,337,672,1143
GLOUCESTER,VA,584,1069,1685
GOOCHLAND,VA,208,492,774
GRAYSON,VA,662,1004,1599
GREENE,VA,264,952,1302
GREENSVILLE,VA,290,713,885
HALIFAX,VA,983,1775,2816
HAMPTON CITY,VA,3677,6112,8774
HANOVER,VA,1054,1747,2957
HARRISONBURG CITY,VA,1066,2059,3013
HENRICO,VA,5590,9636,13845
HENRY,VA,2214,3911,5314
HIGHLAND,VA,55,131,195
HOPEWELL CITY,VA,1033,1435,2189
ISLE OF WIGHT,VA,726,1261,1888
JAMES CITY,VA,1084,1776,2745
KING AND QUEEN,VA,176,273,481
KING GEORGE,VA,279,583,895
KING WILLIAM,VA,271,441,840
LANCASTER,VA,155,377,635
LEE,VA,1129,1932,2608
LEXINGTON CITY,VA,81,144,228
LOUDOUN,VA,2286,4649,7968
LOUISA,VA,808,1605,2315
LUNENBURG,VA,321,681,1083
LYNCHBURG CITY,VA,2213,3725,5362
MADISON,VA,243,699,993
MANASSAS CITY,VA,638,1234,2009
MANASSAS PARK CITY,VA,321,498,738
MARTINSVILLE CITY,VA,729,1058,1422
MATHEWS,VA,174,318,497
MECKLENBURG,VA,1073,1795,2658
MIDDLESEX,VA,169,352,631
MONTGOMERY,VA,1544,2247,3507
NELSON,VA,385,714,1024
NEW KENT,VA,222,451,656
NEWPORT NEWS CITY,VA,5039,8641,12566
NORFOLK CITY,VA,7588,11999,16940
NORTHAMPTON,VA,367,650,893
NORTHUMBERLAND,VA,549,721,1052
NORTON CITY,VA,328,366,472
NOTTOWAY,VA,551,917,1483
ORANGE,VA,589,1345,2056
PAGE,VA,743,1183,1794
PATRICK,VA,741,1169,1655
PETERSBURG CITY,VA,1385,2106,3159
PITTSYLVANIA,VA,2282,3893,6032
POQUOSON CITY,VA,105,262,337
PORTSMOUTH CITY,VA,2800,4678,6812
POWHATAN,VA,267,511,972
PRINCE EDWARD,VA,529,941,1534
PRINCE GEORGE,VA,486,903,1527
PRINCE WILLIAM,VA,5547,10491,16291
PULASKI,VA,953,1490,2356
RADFORD CITY,VA,307,472,637
RAPPAHANNOCK,VA,79,136,298
RICHMOND,VA,225,531,737
RICHMOND CITY,VA,7148,10923,13941
ROANOKE,VA,1395,2734,4215
ROANOKE CITY,VA,3696,5885,8184
ROCKBRIDGE,VA,502,1123,1654
ROCKINGHAM,VA,1624,3115,4840
RUSSELL,VA,1119,1848,2590
SALEM CITY,VA,409,703,1269
SCOTT,VA,774,1374,1899
SHENANDOAH,VA,732,1641,2879
SMYTH,VA,1178,1898,2983
SOUTHAMPTON,VA,416,957,1188
SPOTSYLVANIA,VA,1727,3393,5265
STAFFORD,VA,1125,2413,4638
STAUNTON CITY,VA,494,949,1507
SUFFOLK CITY,VA,2155,3551,5055
SURRY,VA,173,366,461
SUSSEX,VA,358,694,956
TAZEWELL,VA,1223,2298,3862
VIRGINIA BEACH CITY,VA,6474,12736,20044
WARREN,VA,753,1218,1914
WASHINGTON,VA,1521,2739,4311
WAYNESBORO CITY,VA,653,1079,1582
WESTMORELAND,VA,359,662,1156
WILLIAMSBURG CITY,VA,147,277,428
WINCHESTER CITY,VA,598,1020,1783
WISE,VA,1650,2843,3979
WYTHE,VA,895,1466,2238
YORK,VA,672,1321,2246
ADDISON,VT,427,848,1508
BENNINGTON,VT,708,1474,2291
CALEDONIA,VT,652,1118,1830
CHITTENDEN,VT,2365,4175,6117
ESSEX,VT,156,328,524
FRANKLIN,VT,664,1313,2056
GRAND ISLE,VT,83,148,247
LAMOILLE,VT,689,1073,1575
ORANGE,VT,561,1042,1758
ORLEANS,VT,707,1398,2306
RUTLAND,VT,1080,1938,3040
WASHINGTON,VT,1180,2051,3036
WINDHAM,VT,1077,1899,2801
WINDSOR,VT,845,1551,2661
ADAMS,WA,837,1344,1931
ASOTIN,WA,430,1054,1426
BENTON,WA,4331,7854,11306
CHELAN,WA,1568,3023,4613
CLALLAM,WA,2047,3343,5155
CLARK,WA,6983,14311,22169
COLUMBIA,WA,59,176,239
COWLITZ,WA,3137,5169,7588
DOUGLAS,WA,1016,2044,2968
FERRY,WA,268,508,681
FRANKLIN,WA,2481,4346,6265
GARFIELD,WA,42,67,120
GRANT,WA,2199,4940,7382
GRAYS HARBOR,WA,1867,3503,5366
ISLAND,WA,1453,2807,4383
JEFFERSON,WA,710,1208,1935
KING,WA,30281,51207,74993
KITSAP,WA,4507,7859,11769
KITTITAS,WA,715,1235,1897
KLICKITAT,WA,378,990,1499
LEWIS,WA,1797,3649,5368
LINCOLN,WA,264,531,725
MASON,WA,1459,2729,4056
OKANOGAN,WA,1678,3177,4432
PACIFIC,WA,627,1173,1651
PEND OREILLE,WA,408,774,1255
PIERCE,WA,16002,27561,43310
SAN JUAN,WA,396,647,990
SKAGIT,WA,2561,4415,6718
SKAMANIA,WA,303,531,729
SNOHOMISH,WA,10738,19077,29382
SPOKANE,WA,11541,20565,31255
STEVENS,WA,1327,2328,3425
THURSTON,WA,5308,9243,13790
WAHKIAKUM,WA,75,194,282
WALLA WALLA,WA,1116,2190,3681
WHATCOM,WA,3955,7153,10979
WHITMAN,WA,863,1461,2093
YAKIMA,WA,8452,16313,23191
ADAMS,WI,496,947,1616
ASHLAND,WI,394,737,1159
BARRON,WI,932,2082,3346
BAYFIELD,WI,349,697,1112
BROWN,WI,5023,9057,14006
BUFFALO,WI,246,486,744
BURNETT,WI,477,834,1267
CALUMET,WI,683,1288,2217
CHIPPEWA,WI,1256,2345,3780
CLARK,WI,781,1575,2589
COLUMBIA,WI,940,1786,2802
CRAWFORD,WI,366,669,975
DANE,WI,6959,12132,18092
DODGE,WI,1368,2728,4440
DOOR,WI,424,868,1491
DOUGLAS,WI,1004,1753,2606
DUNN,WI,611,1462,2366
EAU CLAIRE,WI,1549,2940,4459
FLORENCE,WI,82,177,308
FOND DU LAC,WI,1661,3253,5023
FOREST,WI,323,504,791
GRANT,WI,885,1660,2635
GREEN,WI,504,1035,1939
GREEN LAKE,WI,371,765,1216
IOWA,WI,310,731,1117
IRON,WI,184,323,519
JACKSON,WI,467,874,1366
JEFFERSON,WI,1343,2636,4178
JUNEAU,WI,599,1140,1700
KENOSHA,WI,4027,6643,9784
KEWAUNEE,WI,306,588,1001
LA CROSSE,WI,1387,2872,5078
LAFAYETTE,WI,352,688,1102
LANGLADE,WI,525,915,1321
LINCOLN,WI,420,919,1519
MANITOWOC,WI,1651,2838,4658
MARATHON,WI,2196,4383,7116
MARINETTE,WI,1060,1958,3094
MARQUETTE,WI,304,564,990
MENOMINEE,WI,297,417,501
MILWAUKEE,WI,32691,51976,70400
MONROE,WI,957,1594,2546
OCONTO,WI,765,1421,2321
ONEIDA,WI,528,1103,1711
OUTAGAMIE,WI,3050,5217,8618
OZAUKEE,WI,866,1536,2604
PEPIN,WI,171,304,448
PIERCE,WI,597,838,1421
POLK,WI,847,1708,2933
PORTAGE,WI,964,1836,2912
PRICE,WI,256,623,1070
RACINE,WI,4559,8350,12320
RICHLAND,WI,456,793,1219
ROCK,WI,4431,7319,10611
RUSK,WI,391,797,1195
SAUK,WI,1274,2105,3520
SAWYER,WI,650,1086,1552
SHAWANO,WI,826,1546,2554
SHEBOYGAN,WI,1513,3293,5912
ST. CROIX,WI,604,1347,2752
TAYLOR,WI,406,883,1474
TREMPEALEAU,WI,426,916,1584
VERNON,WI,834,1476,2233
VILAS,WI,589,1111,1940
WALWORTH,WI,1801,3276,5391
WASHBURN,WI,403,710,1109
WASHINGTON,WI,1178,2123,4542
WAUKESHA,WI,3454,6346,10752
WAUPACA,WI,1067,1912,2994
WAUSHARA,WI,440,927,1528
WINNEBAGO,WI,2626,5038,7893
WOOD,WI,1466,2766,4526
BARBOUR,WV,773,1212,1578
BERKELEY,WV,3018,4955,7290
BOONE,WV,1334,1952,2720
BRAXTON,WV,653,1181,1447
BROOKE,WV,549,1037,1427
CABELL,WV,3155,5126,6896
CALHOUN,WV,270,574,852
CLAY,WV,402,601,926
DODDRIDGE,WV,134,230,440
FAYETTE,WV,1823,3027,4442
GILMER,WV,192,388,611
GRANT,WV,252,702,956
GREENBRIER,WV,1251,2299,3212
HAMPSHIRE,WV,800,1315,1973
HANCOCK,WV,701,1552,2217
HARDY,WV,300,705,1271
HARRISON,WV,1941,3192,4569
JACKSON,WV,771,1521,2041
JEFFERSON,WV,1096,2094,3009
KANAWHA,WV,6477,10360,14828
LEWIS,WV,753,1207,1746
LINCOLN,WV,1027,1734,2291
LOGAN,WV,1900,3000,3937
MARION,WV,1824,3280,4619
MARSHALL,WV,932,1748,2640
MASON,WV,1112,1934,2728
MCDOWELL,WV,1428,2298,2960
MERCER,WV,2347,4040,5915
MINERAL,WV,905,1436,2205
MINGO,WV,1721,2554,3343
MONONGALIA,WV,1798,3041,4575
MONROE,WV,526,951,1558
MORGAN,WV,164,693,1223
NICHOLAS,WV,995,1672,2489
OHIO,WV,754,1539,2440
PENDLETON,WV,235,441,670
PLEASANTS,WV,248,458,630
POCAHONTAS,WV,229,473,723
PRESTON,WV,1014,1799,2641
PUTNAM,WV,1134,1905,3098
RALEIGH,WV,2876,4964,7652
RANDOLPH,WV,1001,1690,2441
RITCHIE,WV,299,533,801
ROANE,WV,569,1126,1665
SUMMERS,WV,670,1012,1376
TAYLOR,WV,514,947,1253
TUCKER,WV,169,321,553
TYLER,WV,218,371,624
UPSHUR,WV,1074,1664,2327
WAYNE,WV,1812,2705,3808
WEBSTER,WV,646,875,1237
WETZEL,WV,602,1008,1325
WIRT,WV,242,480,704
WOOD,WV,2950,5119,7440
WYOMING,WV,1106,1786,2605
ALBANY,WY,523,1155,1628
BIG HORN,WY,248,433,673
CAMPBELL,WY,1061,2033,2792
CARBON,WY,423,625,959
CONVERSE,WY,118,332,568
CROOK,WY,122,222,411
FREMONT,WY,872,1581,2644
GOSHEN,WY,334,595,824
HOT SPRINGS,WY,148,231,322
JOHNSON,WY,143,300,479
LARAMIE,WY,1870,3429,5244
LINCOLN,WY,273,632,1024
NATRONA,WY,1188,2419,4178
NIOBRARA,WY,108,167,264
PARK,WY,292,639,1174
PLATTE,WY,226,357,607
SHERIDAN,WY,254,770,1536
SUBLETTE,WY,138,240,477
SWEETWATER,WY,1087,1494,2225
TETON,WY,125,318,469
UINTA,WY,588,1120,1472
WASHAKIE,WY,184,325,465
WESTON,WY,255,352,469

